snapped_at,price,market_cap,total_volume
2017-10-22 00:00:00 UTC,6.02588e-05,45561531.70734059,76913.1
2017-10-23 00:00:00 UTC,5.79539e-05,43818802.43904701,56328.6
2017-10-24 00:00:00 UTC,5.81066e-05,43934258.53660804,95481.5
2017-10-25 00:00:00 UTC,5.47789e-05,41418192.68294821,47410.0
2017-10-26 00:00:00 UTC,4.98382e-05,37682541.463434085,109151.0
2017-10-27 00:00:00 UTC,5.28497e-05,39959529.2683133,149742.0
2017-10-28 00:00:00 UTC,5.42324e-05,41004985.36587482,39692.4
2017-10-29 00:00:00 UTC,5.56373e-05,42067226.82929,25620.9
2017-10-30 00:00:00 UTC,5.23661e-05,39593880.48782531,52099.2
2017-10-31 00:00:00 UTC,5.084e-05,38440000.00001984,26545.7
2017-11-01 00:00:00 UTC,4.81171e-05,36381221.95123829,41208.4
2017-11-02 00:00:00 UTC,4.08389e-05,30878192.682942767,70276.7
2017-11-03 00:00:00 UTC,4.5131e-05,34123439.024407856,81647.4
2017-11-04 00:00:00 UTC,4.60423e-05,34812470.73172528,36965.5
2017-11-05 00:00:00 UTC,4.55498e-05,34440092.6829446,28360.3
2017-11-06 00:00:00 UTC,4.35314e-05,32913985.365870647,26834.6
2017-11-07 00:00:00 UTC,4.67488e-05,35346653.65855483,23057.6
2017-11-08 00:00:00 UTC,6.19212e-05,46818468.29270709,77961.8
2017-11-09 00:00:00 UTC,5.95945e-05,45059256.09758423,59799.9
2017-11-10 00:00:00 UTC,5.85444e-05,44265278.04880334,31980.0
2017-11-11 00:00:00 UTC,5.12087e-05,38718773.17075169,144363.0
2017-11-12 00:00:00 UTC,4.97294e-05,37600278.048799895,75400.1
2017-11-13 00:00:00 UTC,5.2789e-05,39913634.146362066,30438.7
2017-11-14 00:00:00 UTC,5.57632e-05,42162419.5122169,31305.0
2017-11-15 00:00:00 UTC,5.55152e-05,41974907.3170948,88488.7
2017-11-16 00:00:00 UTC,6.00531e-05,45406002.4390478,29971.7
2017-11-17 00:00:00 UTC,6.02505e-05,45555256.0975845,58909.0
2017-11-18 00:00:00 UTC,6.65176e-05,50293795.1219772,48704.2
2017-11-19 00:00:00 UTC,7.66168e-05,57929775.609786,45267.5
2017-11-20 00:00:00 UTC,7.63141e-05,57700904.8780786,62459.9
2017-11-21 00:00:00 UTC,6.18725e-05,46781646.3414876,39633.5
2017-11-22 00:00:00 UTC,6.57079e-05,49681582.9268549,60068.2
2017-11-23 00:00:00 UTC,6.45781e-05,48827343.9024642,48318.3
2017-11-24 00:00:00 UTC,7.66177e-05,57930456.0975909,45487.0
2017-11-25 00:00:00 UTC,7.00307e-05,52950041.463442,61106.6
2017-11-26 00:00:00 UTC,6.57779e-05,49734509.7561232,43688.7
2017-11-27 00:00:00 UTC,6.2471e-05,47234170.7317317,32158.8
2017-11-28 00:00:00 UTC,6.22771e-05,47087563.4146584,104541.0
2017-11-29 00:00:00 UTC,5.9615e-05,45074756.0975842,116275.0
2017-11-30 00:00:00 UTC,6.96143e-05,52635202.4390516,65860.6
2017-12-01 00:00:00 UTC,6.54351e-05,49475319.5122207,56161.4
2017-12-02 00:00:00 UTC,6.77572e-05,51231053.658563,86693.9
2017-12-03 00:00:00 UTC,7.28171e-05,55056831.7073455,73883.6
2017-12-04 00:00:00 UTC,6.70926e-05,50728551.2195384,76041.0
2017-12-05 00:00:00 UTC,6.93985e-05,52472036.5853929,20807.9
2017-12-06 00:00:00 UTC,6.6474e-05,50260829.2683186,35753.0
2017-12-07 00:00:00 UTC,6.14621e-05,46471343.902463,27836.7
2017-12-08 00:00:00 UTC,6.26238e-05,47349702.4390488,169352.0
2017-12-09 00:00:00 UTC,6.54253e-05,49467909.7561231,85132.3
2017-12-10 00:00:00 UTC,5.65984e-05,42793912.195144,66787.5
2017-12-11 00:00:00 UTC,6.28585e-05,47527158.5366099,92077.0
2017-12-12 00:00:00 UTC,6.0706e-05,45899658.5366091,185998.0
2017-12-13 00:00:00 UTC,6.74384e-05,50990009.7561239,167855.0
2017-12-14 00:00:00 UTC,7.12013e-05,53835129.2683205,140921.0
2017-12-15 00:00:00 UTC,6.56559e-05,49642265.8536842,101589.0
2017-12-16 00:00:00 UTC,8.61318e-05,65124043.9024726,157847.0
2017-12-17 00:00:00 UTC,0.000124847,94396512.1951707,555939.0
2017-12-18 00:00:00 UTC,0.000153596,116133560.97567,586130.0
2017-12-19 00:00:00 UTC,0.000141906,107294780.48786,632314.0
2017-12-20 00:00:00 UTC,0.000131261,99246121.9512707,381002.0
2017-12-21 00:00:00 UTC,0.000143767,108701878.048837,162138.0
2017-12-22 00:00:00 UTC,0.000123171,93129292.6829749,570139.0
2017-12-23 00:00:00 UTC,0.000135804,102681073.170785,534341.0
2017-12-24 00:00:00 UTC,0.000124306,93987463.4146827,445324.0
2017-12-25 00:00:00 UTC,0.000134035,101343536.585418,474994.0
2017-12-26 00:00:00 UTC,0.000135384,102363512.195175,403012.0
2017-12-27 00:00:00 UTC,0.000133897,101239195.122003,539720.0
2017-12-28 00:00:00 UTC,0.000137939,104295341.463468,499413.0
2017-12-29 00:00:00 UTC,0.000253734,191847658.536684,1746440.0
2017-12-30 00:00:00 UTC,0.000245052,185283219.512291,1074630.0
2017-12-31 00:00:00 UTC,0.000435056,328944780.487975,3946970.0
2018-01-01 00:00:00 UTC,0.00036231,273941707.317215,3396460.0
2018-01-02 00:00:00 UTC,0.000393819,297765585.366007,1568810.0
2018-01-03 00:00:00 UTC,0.000441807,334049195.12212366,1100190.0
2018-01-04 00:00:00 UTC,0.000515773,389974707.31727445,2740160.0
2018-01-05 00:00:00 UTC,0.000865885,654693536.5857037,7912620.0
2018-01-06 00:00:00 UTC,0.00122237,924230975.6102331,16776700.0
2018-01-07 00:00:00 UTC,0.00122572,926763902.4395027,5265620.0
2018-01-08 00:00:00 UTC,0.00112033,847078780.488242,4232310.0
2018-01-09 00:00:00 UTC,0.000810125,612533536.585682,6547130.0
2018-01-10 00:00:00 UTC,0.000835151,631455634.1466674,3756240.0
2018-01-11 00:00:00 UTC,0.000706883,534472512.1953978,2708130.0
2018-01-12 00:00:00 UTC,0.000601249,454602902.43925905,5174120.0
2018-01-13 00:00:00 UTC,0.000735951,556450756.0978482,2956790.0
2018-01-14 00:00:00 UTC,0.000629855,476231829.2685385,3016600.0
2018-01-15 00:00:00 UTC,0.00052814,399325365.85386467,2538680.0
2018-01-16 00:00:00 UTC,0.000438105,331250121.9513905,805268.0
2018-01-17 00:00:00 UTC,0.000390415,295191829.268445,1673270.0
2018-01-18 00:00:00 UTC,0.000527222,398631268.2928887,2073350.0
2018-01-19 00:00:00 UTC,0.000525989,397699000.0002053,1235660.0
2018-01-20 00:00:00 UTC,0.000594264,449321560.97584164,1101870.0
2018-01-21 00:00:00 UTC,0.000465674,352094975.60993785,791293.0
2018-01-22 00:00:00 UTC,0.000464745,351392560.9757911,1437420.0
2018-01-23 00:00:00 UTC,0.0003861,291929268.2928336,1689100.0
2018-01-24 00:00:00 UTC,0.000412927,312213097.5611367,1731660.0
2018-01-25 00:00:00 UTC,0.000404914,306154487.80503607,878661.0
2018-01-26 00:00:00 UTC,0.000394533,298305439.0245442,940092.0
2018-01-27 00:00:00 UTC,0.000381808,288684097.5611246,1394800.0
2018-01-28 00:00:00 UTC,0.000401801,303800756.09771776,528305.0
2018-01-29 00:00:00 UTC,0.000375726,284085512.1952686,606778.0
2018-01-30 00:05:28 UTC,0.000379787,287156024.3903921,612642.0
2018-01-31 00:00:00 UTC,0.000343291,259561487.80501202,648934.0
2018-02-01 00:00:00 UTC,0.000346047,261645292.68306187,592974.0
2018-02-02 00:00:00 UTC,0.000308942,233590292.68304738,394261.0
2018-02-03 00:00:00 UTC,0.000300729,227380463.4147515,706980.0
2018-02-04 00:00:00 UTC,0.000345197,261002609.75623226,384931.0
2018-02-05 00:00:00 UTC,0.000291296,220248195.1220649,425890.0
2018-02-06 00:00:00 UTC,0.000241029,182241439.0244843,364029.0
2018-02-07 00:00:00 UTC,0.000278762,210771268.29279172,531856.0
2018-02-08 00:05:25 UTC,0.000264725,200157926.8293716,484129.0
2018-02-09 00:00:00 UTC,0.000276491,209054170.73181522,519924.0
2018-02-10 00:00:00 UTC,0.00028645,216584146.3415752,178860.0
2018-02-11 00:00:00 UTC,0.000294927,222993585.36596876,262903.0
2018-02-12 00:00:00 UTC,0.000262269,198300951.21961454,462448.0
2018-02-13 00:00:00 UTC,0.000280614,212171560.97571927,232833.0
2018-02-14 00:00:00 UTC,0.000268919,203329000.00010493,244786.0
2018-02-15 00:00:00 UTC,0.000312517,236293341.4635366,633534.0
2018-02-16 00:00:00 UTC,0.000318854,241084731.7074415,226713.0
2018-02-17 00:00:00 UTC,0.000302147,228452609.75621548,350715.0
2018-02-18 00:00:00 UTC,0.000378097,285878219.5123427,329411.0
2018-02-19 00:00:00 UTC,0.000294828,222918731.70743212,561342.0
2018-02-20 00:00:00 UTC,0.000334583,252977390.244033,643446.0
2018-02-21 00:00:00 UTC,0.000327701,247773926.8293962,754752.0
2018-02-22 00:00:00 UTC,0.000290354,219535951.2196255,340782.0
2018-02-23 00:00:00 UTC,0.000289611,218974170.73182034,341932.0
2018-02-24 00:00:00 UTC,0.000287319,217241195.12206334,593218.0
2018-02-25 00:00:00 UTC,0.000265214,200527658.53668886,409030.0
2018-02-26 00:00:00 UTC,0.000287159,217120219.5123072,170701.0
2018-02-27 00:00:00 UTC,0.000273096,206487219.51230168,554130.0
2018-02-28 00:00:00 UTC,0.000276871,209341487.8049861,822190.0
2018-03-01 00:00:00 UTC,0.000294087,222358463.4147489,431606.0
2018-03-02 00:00:00 UTC,0.000287914,217691073.17084408,540013.0
2018-03-03 00:00:00 UTC,0.000289733,219066414.6342594,436043.0
2018-03-04 00:00:00 UTC,0.00027202,205673658.53669152,468618.0
2018-03-05 00:00:00 UTC,0.000297736,225117463.41475034,288673.0
2018-03-06 00:00:00 UTC,0.000281789,213059975.60986605,383553.0
2018-03-07 00:00:00 UTC,0.000271614,205366682.92693526,209552.0
2018-03-08 00:00:00 UTC,0.000246038,186028731.70741308,376325.0
2018-03-09 00:00:00 UTC,0.000234464,177277658.53667685,284739.0
2018-03-10 00:00:00 UTC,0.000220409,166650707.31715918,302065.0
2018-03-11 00:00:00 UTC,0.000224827,169991146.34155115,181826.0
2018-03-12 00:00:00 UTC,0.00022818,172526341.4635037,271128.0
2018-03-13 00:00:00 UTC,0.000229901,173827585.36594337,159631.0
2018-03-14 00:00:00 UTC,0.000226885,171547195.12203977,184168.0
2018-03-15 00:00:00 UTC,0.000185704,140410341.46348712,354699.0
2018-03-16 00:00:00 UTC,0.000181676,137364780.4878758,661802.0
2018-03-17 00:00:00 UTC,0.000203805,154096463.41471368,172744.0
2018-03-18 00:00:00 UTC,0.000180558,136519463.41470462,155447.0
2018-03-19 00:00:00 UTC,0.000177064,133877658.53665446,331796.0
2018-03-20 00:00:00 UTC,0.0001768,133678048.7805568,428570.0
2018-03-21 00:00:00 UTC,0.000177422,134148341.46348387,409965.0
2018-03-22 00:00:00 UTC,0.000182904,138293268.2927543,456744.0
2018-03-23 00:00:00 UTC,0.000185592,140325658.53665778,384996.0
2018-03-24 00:00:00 UTC,0.000171407,129600414.63421324,456873.0
2018-03-25 00:00:00 UTC,0.000184371,139402463.41470608,394293.0
2018-03-26 00:00:00 UTC,0.000191611,144876609.75617233,377439.0
2018-03-27 00:00:00 UTC,0.000181405,137159878.04885128,254754.0
2018-03-28 00:00:00 UTC,0.000170051,128575146.34152977,221038.0
2018-03-29 00:00:00 UTC,0.00018168,137367804.87811968,388140.0
2018-03-30 00:00:00 UTC,0.000185315,140116219.51226744,507892.0
2018-03-31 00:00:00 UTC,0.000183769,138947292.68299854,582628.0
2018-04-01 00:00:00 UTC,0.000183779,138954853.65860832,341691.0
2018-04-02 00:00:00 UTC,0.000171823,129914951.21957925,235077.0
2018-04-03 00:00:00 UTC,0.000169024,127798634.14640743,243728.0
2018-04-04 00:00:00 UTC,0.000172946,130764048.7805553,317459.0
2018-04-05 00:00:00 UTC,0.000153064,115731317.07323046,426083.0
2018-04-06 00:00:00 UTC,0.000140625,106326219.51225,331083.0
2018-04-07 00:00:00 UTC,0.00014086,106503902.43907936,311394.0
2018-04-08 00:00:00 UTC,0.000129513,97924463.41468468,807473.0
2018-04-09 00:00:00 UTC,0.000123139,93105097.56102367,546698.0
2018-04-10 00:00:00 UTC,0.00011260836024029886,85142906.52319674,673332.2129651486
2018-04-11 00:00:00 UTC,0.00010924002205086632,82596114.23362447,588934.3741069089
2018-04-12 00:00:00 UTC,0.00012139077976038819,91783272.50180429,545530.8902697386
2018-04-13 00:00:00 UTC,0.00011940036172024976,90278322.276333,699741.2523820045
2018-04-14 00:00:00 UTC,0.0001272658050450125,96225364.79018107,534360.454628337
2018-04-15 00:00:00 UTC,0.00014034172536199182,106112036.24936566,484313.07434123365
2018-04-16 00:00:00 UTC,0.00016922951147615257,127954020.87227897,370193.94776583323
2018-04-17 00:00:00 UTC,0.00016169300624000648,122255687.64494605,433287.38409089594
2018-04-18 00:00:00 UTC,0.00016504599600248356,124790875.02633247,297326.1904920783
2018-04-19 00:00:00 UTC,0.00017912763485301636,135437967.8157652,339053.74429591896
2018-04-20 00:00:00 UTC,0.00021963058808794237,166062151.96901774,1217627.8710871518
2018-04-21 00:00:00 UTC,0.0002340983351764796,177001180.25547838,1091363.892073914
2018-04-22 00:00:00 UTC,0.00021869381773826236,165353862.19243005,729278.6150794636
2018-04-23 00:00:00 UTC,0.00021738068381678245,164361004.83716425,302501.11386082997
2018-04-24 00:00:00 UTC,0.00025660197367768516,194016126.4393255,628072.9723357264
2018-04-25 00:00:00 UTC,0.00028827315265338556,217962627.61608693,1025538.7530951067
2018-04-26 00:00:00 UTC,0.0002477611639558427,187331611.77158752,458292.4469725229
2018-04-27 00:00:00 UTC,0.0002644791734977737,199972058.01061505,562589.9253845472
2018-04-28 00:00:00 UTC,0.00025197455948682603,190517349.85599118,1072345.5407584659
2018-04-29 00:00:00 UTC,0.0002613850166890689,197632573.59427604,369863.0722983928
2018-04-30 00:00:00 UTC,0.00024652839306474816,186399516.7075887,573525.9922322937
2018-05-01 00:00:00 UTC,0.00023233420722352182,175667327.41299742,542874.7956492325
2018-05-02 00:00:00 UTC,0.0002355405909501936,178091666.3282871,225599.08687466028
2018-05-03 00:00:00 UTC,0.00023841119223560794,180262120.95872343,285262.5608800201
2018-05-04 00:00:00 UTC,0.00024891324338486594,188202696.21792263,122483.73831862539
2018-05-05 00:00:00 UTC,0.00024127384296604378,182426564.19393215,471992.1958458792
2018-05-06 00:00:00 UTC,0.00022996263915592684,173874190.58140028,603830.2328467567
2018-05-07 00:00:00 UTC,0.0002051399078253997,155105783.96562615,1116589.5292495275
2018-05-08 00:00:00 UTC,0.0001773054264627503,134060200.49629503,1906247.263508938
2018-05-09 00:00:00 UTC,0.00017339826946417201,131106008.61931966,1258666.5255586386
2018-05-10 00:00:00 UTC,0.00016853905553546996,127431968.81956746,1091943.558154522
2018-05-11 00:00:00 UTC,0.00017352010581557728,131198128.78745541,1851009.16958112
2018-05-12 00:00:00 UTC,0.00019201145243557266,145179390.86599573,2943635.950933816
2018-05-13 00:00:00 UTC,0.000189862675383634,143554705.7779437,1193489.288612509
2018-05-14 00:00:00 UTC,0.00027902514122006995,210970228.72747886,4419795.308479609
2018-05-15 00:00:00 UTC,0.00029597912399508897,223789093.75249982,7919148.552431201
2018-05-16 00:00:00 UTC,0.0002548533156664322,192693970.382036,3933796.528765892
2018-05-17 00:00:00 UTC,0.0002436681135359209,184236866.33213285,2000036.6253636773
2018-05-18 00:00:00 UTC,0.00022830946392027424,172624228.8178574,1331793.7277358961
2018-05-19 00:00:00 UTC,0.000223532252260356,169012190.73352712,1293477.9139197029
2018-05-20 00:00:00 UTC,0.00022132345338669494,167342123.29246545,399434.56960514665
2018-05-21 00:00:00 UTC,0.00023407537419380914,176983819.51248363,643455.2884848282
2018-05-22 00:00:00 UTC,0.00024212067769008685,183066853.86333087,603310.0103600612
2018-05-23 00:00:00 UTC,0.00020633227522626356,156007330.0492066,457223.79206311534
2018-05-24 00:00:00 UTC,0.00018598558277887784,140623245.51580948,729817.7259713069
2018-05-25 00:00:00 UTC,0.0001944465920510164,147020593.98986876,575001.448479328
2018-05-26 00:00:00 UTC,0.000197547825850137,149365429.30140018,544297.2452140707
2018-05-27 00:00:00 UTC,0.00018785349472506395,142035569.18243873,236543.05106974576
2018-05-28 00:00:00 UTC,0.0001775855783409561,134272022.64810926,422798.11020184786
2018-05-29 00:00:00 UTC,0.00016953985707477662,128188672.42245825,758798.0151107466
2018-05-30 00:00:00 UTC,0.00019207809676038458,145229780.4774389,750089.8597395624
2018-05-31 00:00:00 UTC,0.00018671153549150026,141172136.5912072,903967.7080965905
2018-06-01 00:00:00 UTC,0.00018834078290223884,142404006.5846931,452797.2677014515
2018-06-02 00:00:00 UTC,0.00019080084323985685,144264052.20581988,331455.8470062621
2018-06-03 00:00:00 UTC,0.00019293872752109236,145880501.29651096,531419.3414345398
2018-06-04 00:00:00 UTC,0.0001967347927510947,148750696.95822155,353239.4649978099
2018-06-05 00:00:00 UTC,0.00019030454766059846,143888804.32881945,468843.22900072497
2018-06-06 00:00:00 UTC,0.0001936738948441782,146436359.51640543,352611.1146909813
2018-06-07 00:00:00 UTC,0.00019119507146407786,144562127.2046213,232894.9332408077
2018-06-08 00:00:00 UTC,0.00017458415546762964,132002654.13412955,1219178.3782495905
2018-06-09 00:00:00 UTC,0.00018144324711503952,137188796.59924704,1066971.41903163
2018-06-10 00:00:00 UTC,0.0001764011261044693,133376461.20100905,188003.4930467697
2018-06-11 00:00:00 UTC,0.0001561588305380726,118071310.8947012,318615.33584751555
2018-06-12 00:00:00 UTC,0.00015878588739159488,120057622.17419466,237617.36960896527
2018-06-13 00:00:00 UTC,0.00014436802269616298,109156309.84349665,264280.52959391207
2018-06-14 00:00:00 UTC,0.0001419325380686942,107314845.85687295,286418.76920762507
2018-06-15 00:00:00 UTC,0.00015478642726693287,117033640.12871698,258413.6975092525
2018-06-16 00:00:00 UTC,0.0001410951998508145,106681736.47262211,181925.14803898346
2018-06-17 00:00:00 UTC,0.0001482446052045798,112087384.42303282,134657.24435279163
2018-06-18 00:00:00 UTC,0.00013995969282970256,105823182.38348827,124539.6803111689
2018-06-19 00:00:00 UTC,0.00015290673234351988,115612407.38174543,95538.69540927267
2018-06-20 00:00:00 UTC,0.0001532957293268278,115906527.05205157,210626.29760907873
2018-06-21 00:00:00 UTC,0.00014882899515760359,112529240.24117298,216862.76563304852
2018-06-22 00:00:00 UTC,0.00014384333425872245,108759594.19567554,222331.0533119049
2018-06-23 00:00:00 UTC,0.00012690901511844022,95955596.79691894,112394.39118695089
2018-06-24 00:00:00 UTC,0.00012826154459337515,96978241.03406543,142635.69000413982
2018-06-25 00:00:00 UTC,0.00011784997964304997,89106082.16918133,587938.2110471231
2018-06-26 00:00:00 UTC,0.00012781162888499164,96638060.86431186,316224.23853118374
2018-06-27 00:00:00 UTC,0.00013324556758562714,100746648.66235545,455320.2726989895
2018-06-28 00:00:00 UTC,0.0001472153847627949,111309193.3572926,422226.8551848932
2018-06-29 00:00:00 UTC,0.00013443969895437832,101649528.47775315,656395.6455996366
2018-06-30 00:00:00 UTC,0.00013596010675486923,102799105.1073932,328814.15988290304
2018-07-01 00:00:00 UTC,0.0001447632768575203,109455160.55086452,221712.33056762535
2018-07-02 00:00:00 UTC,0.0001376188397432065,104053269.07418546,142732.42898110035
2018-07-03 00:00:00 UTC,0.00014697274686735704,111125735.4363517,124623.27132660033
2018-07-04 00:00:00 UTC,0.00015167778712767792,114683204.90147421,257592.98012053216
2018-07-05 00:00:00 UTC,0.00014280761786252422,107976491.55464722,309533.18003306503
2018-07-06 00:00:00 UTC,0.00013823816521422454,104521539.5522725,228242.6124740913
2018-07-07 00:00:00 UTC,0.00014223200688415305,107541273.49782977,379779.7967811044
2018-07-08 00:00:00 UTC,0.00014856133332096717,112326861.77932583,132467.39002721236
2018-07-09 00:00:00 UTC,0.00014492558212156697,109577879.16514377,230451.31128145978
2018-07-10 00:00:00 UTC,0.00014363698177042024,108603571.58256891,87635.72780178832
2018-07-11 00:00:00 UTC,0.00013341009070531025,100871044.191872,130643.81074907904
2018-07-12 00:00:00 UTC,0.0001359420557171739,102785456.76181868,328597.95233037014
2018-07-13 00:00:00 UTC,0.00013041933881170525,98609743.97963293,475461.87970035285
2018-07-14 00:00:00 UTC,0.00014194487168174582,107324171.2716193,635375.2732165225
2018-07-15 00:00:00 UTC,0.00014158786282497137,107054237.74576531,333285.037178022
2018-07-16 00:00:00 UTC,0.00015497997261826432,117179979.29679692,255037.2984035657
2018-07-17 00:00:00 UTC,0.00015442622022643525,116761288.46395032,1065524.2951006377
2018-07-18 00:00:00 UTC,0.0001714014729399559,129596235.63759452,511714.7082588101
2018-07-19 00:00:00 UTC,0.00017001145835351218,128545248.99906336,1394423.2602987415
2018-07-20 00:00:00 UTC,0.0001877396248103486,141949472.4176539,1386349.861799448
2018-07-21 00:00:00 UTC,0.0001943630553295538,146957432.07851896,3744168.678967921
2018-07-22 00:00:00 UTC,0.000200591547471216,151666779.79538795,2128323.8721755976
2018-07-23 00:00:00 UTC,0.00020201504529711314,152743083.0296034,1750253.5494512436
2018-07-24 00:00:00 UTC,0.00018598898558075264,140625818.3660075,3792537.7984809317
2018-07-25 00:00:00 UTC,0.00020669770486510936,156283630.50784627,3146248.618716744
2018-07-26 00:00:00 UTC,0.00016957981036321053,128218881.00639609,2059859.129816936
2018-07-27 00:00:00 UTC,0.00017659036347501518,133519543.1153243,805832.0622838858
2018-07-28 00:00:00 UTC,0.0001888454021659468,142785547.9792042,447799.9799700905
2018-07-29 00:00:00 UTC,0.00021011620010568527,158868346.4214538,841182.3448610631
2018-07-30 00:00:00 UTC,0.00021729356591695563,164295135.20558783,3181409.676404229
2018-07-31 00:00:00 UTC,0.00020051989541642782,151612603.85152367,1396629.3667536445
2018-08-01 00:00:00 UTC,0.0001794046761663574,135647438.07707193,1016234.097813215
2018-08-02 00:00:00 UTC,0.00017503253551811278,132341673.19669016,1125423.0397482072
2018-08-03 00:00:00 UTC,0.00017888967625211756,135258047.89801234,793468.6292139039
2018-08-04 00:00:00 UTC,0.00017848365108672303,134951053.2607627,265953.1302586649
2018-08-05 00:00:00 UTC,0.00018643883835793936,140965950.95363665,926237.6989143373
2018-08-06 00:00:00 UTC,0.00017929745393527685,135566367.60966954,687342.6055829411
2018-08-07 00:00:00 UTC,0.00017588246947914123,132984306.19161445,1008880.2374104063
2018-08-08 00:00:00 UTC,0.00016352505728119374,123640896.96877128,223808.72772894413
2018-08-09 00:00:00 UTC,0.00015430755631266828,116671566.96817525,620577.2823145749
2018-08-10 00:00:00 UTC,0.00015597182942708485,117929919.81078357,587253.5003425302
2018-08-11 00:00:00 UTC,0.00016226163435767747,122685625.97781946,1419473.9921975757
2018-08-14 00:00:00 UTC,0.00012608092004648066,95431232.5224217,356124.37534977694
2018-08-15 00:00:00 UTC,0.00012445661478002209,94201788.34075126,1276761.391420858
2018-08-16 00:00:00 UTC,0.00012514287390895276,94731606.35598513,578046.4605441131
2018-08-17 00:00:00 UTC,0.00012307475464658023,93187756.18444708,486029.42252520117
2018-08-18 00:00:00 UTC,0.00013165669134728407,99636465.97504623,1046861.0353437338
2018-08-19 00:00:00 UTC,0.0001260475193599431,95431410.62788196,343310.7548968901
2018-08-20 00:00:00 UTC,0.00012806386188154564,96933565.20609088,164677.74714605196
2018-08-21 00:00:00 UTC,0.0001098883827708411,83175026.03776084,719746.0049584843
2018-08-22 00:00:00 UTC,0.00010299654140579173,78147278.12126382,1197873.5286174542
2018-08-23 00:00:00 UTC,0.00010231336644034513,77464157.41952763,1397595.537946747
2018-08-24 00:00:00 UTC,0.00010464856822271909,79238828.96471,906344.335382991
2018-08-25 00:00:00 UTC,0.00010450073737364102,79269214.86550826,786518.9735624666
2018-08-26 00:00:00 UTC,0.00010766702552808585,81395550.50673772,319444.61704561074
2018-08-27 00:00:00 UTC,0.00010294809864401774,77952988.38885842,348336.2965586021
2018-08-28 00:00:00 UTC,0.00010863366221761205,82256883.55605847,1397918.8230706102
2018-08-29 00:00:00 UTC,0.00010865216562871126,82291331.87349974,749613.6005050899
2018-08-30 00:00:00 UTC,9.849474821975821e-05,74550643.51740666,1140150.1117629528
2018-08-31 00:00:00 UTC,9.221642832134263e-05,69825833.46209349,664493.3187156059
2018-09-01 00:00:00 UTC,9.195623184289209e-05,69633430.89338791,1068657.357729389
2018-09-02 00:00:00 UTC,9.948778395505329e-05,75334820.19949101,308726.1739952615
2018-09-03 00:00:00 UTC,9.501096093688108e-05,71941859.37802733,684705.9282035346
2018-09-04 00:00:00 UTC,9.417886692144654e-05,71312133.49083509,191211.78113471952
2018-09-05 00:00:00 UTC,8.730690821981998e-05,66108736.50348215,449953.82770881715
2018-09-06 00:00:00 UTC,7.468907983477496e-05,56571727.94285707,768615.2267853587
2018-09-07 00:00:00 UTC,7.172166878795798e-05,54370980.69885049,483926.71216120594
2018-09-08 00:00:00 UTC,6.864464043563805e-05,51983368.12626266,261012.26937649932
2018-09-09 00:00:00 UTC,6.743340367276654e-05,51060310.91726163,185218.2340127048
2018-09-10 00:00:00 UTC,6.831373403749735e-05,51703466.24453035,114678.25338757975
2018-09-11 00:00:00 UTC,7.035634761129342e-05,53273486.08849056,243899.13242251342
2018-09-12 00:00:00 UTC,6.813382031486286e-05,51603243.044227555,296316.0787107428
2018-09-13 00:00:00 UTC,6.0109859068568374e-05,45420075.11564551,517458.34721641376
2018-09-14 00:00:00 UTC,6.74343135732517e-05,51124375.469207235,471426.05689023953
2018-09-15 00:00:00 UTC,6.466988589072437e-05,48997202.61879699,376216.9811565107
2018-09-16 00:00:00 UTC,6.764071985932675e-05,51405479.39623989,196893.97246329405
2018-09-17 00:00:00 UTC,6.76488390847996e-05,51224536.02573724,62098.242597652905
2018-09-18 00:00:00 UTC,6.212906794526663e-05,47045129.45662113,186439.57403204322
2018-09-19 00:00:00 UTC,6.35542595891043e-05,48123145.44002196,261948.49738459152
2018-09-20 00:00:00 UTC,6.26138696994723e-05,47410919.265029706,323990.20599211566
2018-09-21 00:00:00 UTC,6.456749449609714e-05,48890194.51109745,1069710.3980394173
2018-09-22 00:00:00 UTC,7.517718748115029e-05,56923802.718918316,422366.3738615185
2018-09-23 00:00:00 UTC,7.477228412211723e-05,56617211.85402856,157831.0848778386
2018-09-24 00:00:00 UTC,7.697521858510917e-05,58312285.98646831,129193.12895000337
2018-09-25 00:00:00 UTC,6.979580977070366e-05,52844978.477564916,252110.22712756984
2018-09-26 00:00:00 UTC,6.530885967153496e-05,49451552.63585944,339476.3532441005
2018-09-27 00:00:00 UTC,6.344605312931283e-05,48046918.575363174,370538.52979528625
2018-09-28 00:00:00 UTC,6.265706690816277e-05,47434303.340978436,621554.0247239998
2018-09-29 00:00:00 UTC,6.1657686983781e-05,46691754.93830367,209535.79456863753
2018-09-30 00:00:00 UTC,6.420011381628288e-05,48608463.55975519,189290.6868618883
2018-10-01 00:00:00 UTC,6.478535630841358e-05,49054226.054476924,164577.44598411125
2018-10-02 00:00:00 UTC,6.570582507607096e-05,51198938.01023407,147016.43647237978
2018-10-03 00:00:00 UTC,6.603096032647937e-05,51541940.45933361,178276.49146109825
2018-10-04 00:00:00 UTC,6.800288834515846e-05,53087294.48146145,163528.7614149923
2018-10-05 00:00:00 UTC,6.833122496355819e-05,53411188.11957612,111605.44716811861
2018-10-06 00:00:00 UTC,6.473991604936717e-05,51193214.18078131,838405.2460794155
2018-10-07 00:00:00 UTC,6.409094393616067e-05,50768776.18337125,116307.6345586562
2018-10-08 00:00:00 UTC,6.4855813828142e-05,52086655.84868993,45853.536780659044
2018-10-09 00:00:00 UTC,6.567151386221895e-05,52773791.401319385,145420.45162211228
2018-10-10 00:00:00 UTC,6.633612576497836e-05,53960376.72977486,185159.54663563895
2018-10-11 00:00:00 UTC,6.470360789059158e-05,53456540.42322322,80647.38028719778
2018-10-12 00:00:00 UTC,5.554830866927414e-05,46268226.983807035,228656.1841942728
2018-10-13 00:00:00 UTC,5.374302229338899e-05,45427582.7446017,265944.38323275343
2018-10-14 00:00:00 UTC,5.44052225725057e-05,45993248.51935296,165770.965740022
2018-10-15 00:00:00 UTC,5.4131607749820664e-05,45806274.71479925,90123.861748815
2018-10-16 00:00:00 UTC,5.950681024915018e-05,50400060.95526102,294303.12430447305
2018-10-17 00:00:00 UTC,5.9662196883494445e-05,50625044.40277319,68381.85199928575
2018-10-18 00:00:00 UTC,5.9352996019162265e-05,50065857.377956,78926.03118179708
2018-10-19 00:00:00 UTC,5.724981140290198e-05,48575478.80004501,77144.63153604104
2018-10-20 00:00:00 UTC,5.709701409865088e-05,48326245.25753262,71013.97142122524
2018-10-21 00:00:00 UTC,5.881976334033546e-05,50013887.25921782,134975.52669169244
2018-10-22 00:00:00 UTC,5.7610976482992615e-05,48881885.53479254,77007.87562055567
2018-10-23 00:00:00 UTC,5.719207486241561e-05,48972867.509660095,206110.33477965256
2018-10-24 00:00:00 UTC,5.706728990643972e-05,48913086.87803806,258970.93770083532
2018-10-25 00:00:00 UTC,5.651310900132584e-05,48446612.167017676,210756.321908145
2018-10-26 00:00:00 UTC,5.6802356500878225e-05,48699099.371129885,347266.2981028309
2018-10-27 00:00:00 UTC,5.496384557761301e-05,47202136.700593844,437175.143577029
2018-10-28 00:00:00 UTC,5.495320012539338e-05,47170888.052802,176639.55162232654
2018-10-29 00:00:00 UTC,5.624352211403846e-05,48307263.70784952,140256.0280155837
2018-10-30 00:00:00 UTC,5.351082986717852e-05,45951177.09462172,175786.9139607522
2018-10-31 00:00:00 UTC,5.072013433898717e-05,43564600.49647636,256881.51428913703
2018-11-01 00:00:00 UTC,5.143911903475003e-05,44172143.73663963,157259.20546594667
2018-11-02 00:00:00 UTC,5.03003271344477e-05,43214042.41892918,259555.08337619342
2018-11-03 00:00:00 UTC,5.472402274901637e-05,46997873.1097194,196276.41382807473
2018-11-04 00:00:00 UTC,5.1250503545865566e-05,44033011.78231982,240183.2894921378
2018-11-05 00:00:00 UTC,5.17601225685873e-05,44450593.507968254,267502.5935497954
2018-11-06 00:00:00 UTC,5.098175745990734e-05,44160086.15084062,163216.5765700556
2018-11-07 00:00:00 UTC,5.4762498000355656e-05,47394031.795861274,158434.8778917752
2018-11-08 00:00:00 UTC,5.2675396923592775e-05,45716775.96520317,152716.7908457782
2018-11-09 00:00:00 UTC,5.386523376765905e-05,46791896.9108125,61986.160749733484
2018-11-10 00:00:00 UTC,5.504429059107346e-05,47780870.85168377,117209.38406509795
2018-11-11 00:00:00 UTC,5.071098138886013e-05,44008435.40063273,382434.7014417082
2018-11-12 00:00:00 UTC,5.060462761573058e-05,43920637.30512473,159466.774205022
2018-11-13 00:00:00 UTC,4.874917742492387e-05,42261979.63861057,465975.48848243844
2018-11-14 00:00:00 UTC,4.634020701300137e-05,43607465.08314485,175891.0618026609
2018-11-15 00:00:00 UTC,3.8062690310765624e-05,35672602.326496445,575576.3182861952
2018-11-16 00:00:00 UTC,3.670040877599392e-05,34540561.87634203,452317.5429161897
2018-11-17 00:00:00 UTC,3.657602999154147e-05,33788030.99313827,299298.3401324615
2018-11-18 00:00:00 UTC,3.66213323498853e-05,34480914.82290069,221598.0394432973
2018-11-19 00:00:00 UTC,3.845188485848129e-05,36203940.622127175,276780.774873095
2018-11-20 00:00:00 UTC,3.205406667633485e-05,30230088.03314218,322170.3400516856
2018-11-21 00:00:00 UTC,2.6842460033979736e-05,25011298.60640601,219256.8687863267
2018-11-22 00:00:00 UTC,2.8888558494694738e-05,27242233.13612628,239836.1532706589
2018-11-23 00:00:00 UTC,2.8433710102728565e-05,26159779.878815025,230424.31885924502
2018-11-24 00:00:00 UTC,2.5021614050580196e-05,23586577.83637429,118967.88256176564
2018-11-25 00:00:00 UTC,2.2496398849966444e-05,21206188.435335997,80141.23960521627
2018-11-26 00:00:00 UTC,2.7684567017669157e-05,26070599.929058485,128512.16380770018
2018-11-27 00:00:00 UTC,2.950256121421781e-05,27880678.416354157,173673.23037179201
2018-11-28 00:00:00 UTC,2.7977847856882775e-05,26471621.953921538,143974.6753752645
2018-11-29 00:00:00 UTC,3.209038809878872e-05,30222740.34643074,232666.10715064962
2018-11-30 00:00:00 UTC,2.9731779402273546e-05,28025630.14552296,154301.33004446555
2018-12-01 00:00:00 UTC,2.9407292665677396e-05,27634816.562354,125174.56168474554
2018-12-02 00:00:00 UTC,2.9358538694102234e-05,27697398.495902963,100813.12454894427
2018-12-03 00:00:00 UTC,3.0286732771666415e-05,28529749.181675114,118071.49131002065
2018-12-04 00:00:00 UTC,2.9333262372860663e-05,27723261.99827061,232617.26662981743
2018-12-05 00:00:00 UTC,3.086485538025437e-05,29103470.912864536,242921.207243419
2018-12-06 00:00:00 UTC,2.781242309321163e-05,26286727.628532674,173300.330131898
2018-12-07 00:00:00 UTC,2.6585852436789725e-05,25328935.32116405,125083.23526281964
2018-12-08 00:00:00 UTC,2.697164917525772e-05,25370120.740704756,182774.38635386399
2018-12-09 00:00:00 UTC,2.649931643787069e-05,25041599.904308345,436908.9535742695
2018-12-10 00:00:00 UTC,2.9586728301061435e-05,27908928.84962993,320972.99887461215
2018-12-11 00:00:00 UTC,3.115776496737049e-05,29482230.624963444,464415.4261987697
2018-12-12 00:00:00 UTC,3.4886549529584324e-05,32844754.172721248,518018.63889345573
2018-12-13 00:00:00 UTC,3.0335143978157013e-05,29560868.32988623,288566.1353089246
2018-12-14 00:00:00 UTC,3.3421630730314566e-05,32589563.841970317,362922.0075066364
2018-12-15 00:00:00 UTC,3.0788772718710806e-05,30057339.091779605,311108.65709744865
2018-12-16 00:00:00 UTC,2.760290750113814e-05,26931361.690114614,351921.5532709442
2018-12-17 00:00:00 UTC,2.795722939719183e-05,27308223.8052972,293537.4744784747
2018-12-18 00:00:00 UTC,2.986089776047531e-05,29161871.402630348,370059.1456135821
2018-12-19 00:00:00 UTC,3.0132722677054496e-05,29411168.419216756,123358.26846229576
2018-12-20 00:00:00 UTC,2.900806260683624e-05,28336857.376334235,94091.4549262017
2018-12-21 00:00:00 UTC,3.1490160002842706e-05,30758938.177695792,387510.9613891759
2018-12-22 00:00:00 UTC,2.9698113338839408e-05,29015824.419030476,302746.7573349998
2018-12-23 00:00:00 UTC,3.2565926142168934e-05,31818707.953516047,418179.42106382316
2018-12-24 00:00:00 UTC,3.224298640031035e-05,31462317.543871634,350286.75402234955
2018-12-25 00:00:00 UTC,3.740521646234298e-05,36796124.04596002,471120.9446102861
2018-12-26 00:00:00 UTC,3.474754467841883e-05,33910287.22877202,426914.240762143
2018-12-27 00:00:00 UTC,3.531906047159389e-05,34535294.59844611,361170.9742434941
2018-12-28 00:00:00 UTC,3.348795114499963e-05,32777544.650697444,327889.6521776632
2018-12-29 00:00:00 UTC,3.501021764885252e-05,34257258.30559306,444726.8192509571
2018-12-30 00:00:00 UTC,3.5890482791860727e-05,35494407.89984948,404618.2941614143
2018-12-31 00:00:00 UTC,3.665267002705052e-05,35842207.10427424,416903.7121139925
2019-01-01 00:00:00 UTC,3.9262749843528365e-05,38410910.27845439,471448.3617560867
2019-01-02 00:00:00 UTC,3.936469719245365e-05,38612001.79239105,306451.7191397751
2019-01-03 00:00:00 UTC,3.895287256736138e-05,38115119.1537561,416298.91785358224
2019-01-04 00:00:00 UTC,3.501627269103093e-05,34275854.11321694,359407.2493508716
2019-01-05 00:00:00 UTC,3.701127153573956e-05,36234792.277078874,384143.16641879315
2019-01-06 00:00:00 UTC,3.699112522835122e-05,36238312.70921602,419883.4708837446
2019-01-07 00:00:00 UTC,3.812397084577425e-05,37383392.55104982,360417.61042261455
2019-01-08 00:00:00 UTC,3.785889417683881e-05,37071202.04882995,395255.34202033485
2019-01-09 00:00:00 UTC,3.249443569734567e-05,31999738.807905152,384039.57933514175
2019-01-10 00:00:00 UTC,3.535560781319119e-05,34637962.1875551,395584.14076792845
2019-01-11 00:00:00 UTC,3.0329439509621775e-05,29696074.509058926,470063.8083304235
2019-01-12 00:00:00 UTC,3.120537036412332e-05,30553713.434823096,386937.2382722202
2019-01-13 00:00:00 UTC,2.871688396003262e-05,28109543.956996832,283121.4784739823
2019-01-14 00:00:00 UTC,2.7173541607081763e-05,26606080.734954398,339605.2322976983
2019-01-15 00:00:00 UTC,2.9769063247675813e-05,29095205.932550613,382096.64109535376
2019-01-16 00:00:00 UTC,2.805682451265636e-05,27474427.004129317,278307.82165139355
2019-01-17 00:00:00 UTC,2.863052146701998e-05,28092812.15986126,305402.68400956364
2019-01-18 00:00:00 UTC,2.7713467719952213e-05,27319735.55613981,375835.0444879716
2019-01-19 00:00:00 UTC,2.9270400775417508e-05,28687095.816404305,254582.32256660078
2019-01-20 00:00:00 UTC,2.9510124391735567e-05,29084113.854323916,202559.12832255304
2019-01-21 00:00:00 UTC,2.7574375747771873e-05,27061415.35673359,212658.2189855894
2019-01-22 00:00:00 UTC,2.9518620530448773e-05,28956005.978634633,231470.80945799066
2019-01-23 00:00:00 UTC,3.0927119444912705e-05,30446294.722575966,370699.2537471252
2019-01-24 00:00:00 UTC,3.091987299205774e-05,30327179.26595544,281026.4057047284
2019-01-25 00:00:00 UTC,2.9445042619046774e-05,28897543.91243791,302542.39929801197
2019-01-26 00:00:00 UTC,2.927066060831532e-05,28726404.346506644,346623.5355107582
2019-01-27 00:00:00 UTC,2.952982855743895e-05,28980753.348047975,380124.958478361
2019-01-28 00:00:00 UTC,2.9485937900988044e-05,28983207.083361257,326938.60508761887
2019-01-29 00:00:00 UTC,2.7101406295598938e-05,26597484.970502146,339490.1443276231
2019-01-30 00:00:00 UTC,2.5114012482258205e-05,24565956.44091317,213177.44986980176
2019-01-31 00:00:00 UTC,2.612756926951578e-05,25641755.390182484,202622.48240012347
2019-02-01 00:00:00 UTC,2.5509709738219627e-05,25035384.288318317,174951.68599876613
2019-02-02 00:00:00 UTC,2.5233912378854753e-05,24764715.082425382,180213.02739132944
2019-02-03 00:00:00 UTC,2.5636161863877726e-05,25159485.173526827,179576.53105098248
2019-02-04 00:00:00 UTC,2.5669510290735432e-05,25164763.851189923,178008.26535310992
2019-02-05 00:00:00 UTC,2.5645048199063765e-05,25177326.2264145,102066.68350977344
2019-02-06 00:00:00 UTC,2.569192379917324e-05,25226001.545730524,83076.56827543669
2019-02-07 00:00:00 UTC,2.4553902264618423e-05,24128042.828016404,89153.96047020824
2019-02-08 00:00:00 UTC,2.397706311807567e-05,23561208.298715726,134261.33353061325
2019-02-09 00:00:00 UTC,2.431653810551105e-05,23894795.47958856,201941.9453588299
2019-02-10 00:00:00 UTC,2.4195428952659323e-05,23769766.47207724,177745.21695981373
2019-02-11 00:00:00 UTC,2.5179999363635266e-05,24743280.98677309,133928.69954944105
2019-02-12 00:00:00 UTC,2.470702197568821e-05,24295277.4441132,172727.4605350221
2019-02-13 00:00:00 UTC,2.4447819721046265e-05,23825412.008069586,159477.80079353388
2019-02-14 00:00:00 UTC,2.4474916368441757e-05,24050426.852143362,182998.9070378304
2019-02-15 00:00:00 UTC,2.379784710958345e-05,23344856.98060617,227123.66267680563
2019-02-16 00:00:00 UTC,2.4406547258052507e-05,23978347.118973453,178777.6574328309
2019-02-17 00:00:00 UTC,2.4496845958306756e-05,24070135.02966979,153738.0244232155
2019-02-18 00:00:00 UTC,2.5078854724118294e-05,24675304.28846289,140410.62008909648
2019-02-19 00:00:00 UTC,2.6911891606363403e-05,26445135.533382896,184263.18877469405
2019-02-20 00:00:00 UTC,2.537670883785581e-05,24977772.937270373,168678.29146515141
2019-02-21 00:00:00 UTC,2.4326307577236945e-05,23950849.544850767,202785.23857433256
2019-02-22 00:00:00 UTC,2.3625711033929453e-05,23261066.175668105,148963.19390827004
2019-02-23 00:00:00 UTC,2.6204289055827524e-05,25799845.809447378,103599.25051860923
2019-02-24 00:00:00 UTC,2.6998538465929337e-05,26590071.157562166,105952.37576800445
2019-02-25 00:00:00 UTC,2.470119671146818e-05,24561234.028671835,136901.2217652819
2019-02-26 00:00:00 UTC,2.5625394416346913e-05,25229885.967884958,147832.81709619993
2019-02-27 00:00:00 UTC,2.46714093568125e-05,24279628.11948585,114121.64605944738
2019-02-28 00:00:00 UTC,2.4455424974548162e-05,24020474.734091084,151935.93971976842
2019-03-01 00:00:00 UTC,2.4545598636058547e-05,24155598.922899153,134084.26366864477
2019-03-02 00:00:00 UTC,2.5301787239222193e-05,24933417.716957346,137911.43773619342
2019-03-03 00:00:00 UTC,2.3408152176853848e-05,23074726.15453814,139232.8606371008
2019-03-04 00:00:00 UTC,2.045748844111605e-05,22689270.567384575,150863.12426034245
2019-03-05 00:00:00 UTC,2.2681626663758596e-05,22339117.665917087,225667.03086783428
2019-03-06 00:00:00 UTC,2.320219118594645e-05,46178247.254783034,294706.0153426628
2019-03-07 00:00:00 UTC,2.2995960602440863e-05,45681076.788733326,195905.50472886476
2019-03-08 00:00:00 UTC,2.221665518413034e-05,44157994.91918428,222192.20198164615
2019-03-09 00:00:00 UTC,2.255766068769031e-05,44920586.52957888,160069.54378348132
2019-03-10 00:00:00 UTC,2.4975806297492142e-05,49597536.23833621,206493.8146017037
2019-03-11 00:00:00 UTC,2.382574097052183e-05,47355087.48302518,191157.32074516287
2019-03-12 00:00:00 UTC,2.8333148188461527e-05,56668822.274666354,230930.48249374272
2019-03-13 00:00:00 UTC,2.8649529525250176e-05,59500518.37902639,634317.8889662481
2019-03-14 00:00:00 UTC,3.159427306700107e-05,65529866.16261334,559914.3381898742
2019-03-15 00:00:00 UTC,3.1496696726466523e-05,65738152.930291474,686825.0294702314
2019-03-16 00:00:00 UTC,3.262889701342676e-05,68113739.8561757,704648.5316748014
2019-03-17 00:00:00 UTC,3.963679554386389e-05,82734425.27898909,853905.8196210472
2019-03-18 00:00:00 UTC,4.795873638769819e-05,99498465.96583708,1519454.8236671523
2019-03-19 00:00:00 UTC,5.370969317666325e-05,111997474.61076978,1439133.7294539541
2019-03-20 00:00:00 UTC,5.789889738726697e-05,120842500.79371358,2226445.32837092
2019-03-21 00:00:00 UTC,5.2091683585500874e-05,108736996.84461781,1431899.1448211346
2019-03-22 00:00:00 UTC,4.520595321788865e-05,34200623.70038678,1226793.972208726
2019-03-23 00:00:00 UTC,4.609310664706628e-05,34682616.00103601,1195596.0435228448
2019-03-24 00:00:00 UTC,4.1300313014619034e-05,31464670.094102424,1006718.4976708321
2019-03-25 00:00:00 UTC,4.368874930133541e-05,33062983.12006712,1308716.128695358
2019-03-26 00:00:00 UTC,4.301892289945905e-05,32633549.0849037,1038343.9856165668
2019-03-27 00:00:00 UTC,4.0837457040968956e-05,30734535.515325673,1116366.5152801597
2019-03-28 00:00:00 UTC,4.425156094123849e-05,32880479.596504696,2594001.5425398243
2019-03-29 00:00:00 UTC,4.6228475646074846e-05,34382008.781639144,1701214.2692134257
2019-03-30 00:00:00 UTC,5.069709569335188e-05,36984561.6438884,1728505.5392562672
2019-03-31 00:00:00 UTC,5.221342522637652e-05,38032340.25348268,1651206.3776105673
2019-04-01 00:00:00 UTC,4.963824090206404e-05,35939726.98622598,1449060.5702888581
2019-04-02 00:00:00 UTC,4.897078549246766e-05,35546541.192210816,3213078.4156932933
2019-04-03 00:00:00 UTC,5.3096535086396186e-05,38127480.729708046,4114440.7925269953
2019-04-04 00:00:00 UTC,5.1720276934425525e-05,39778935.30359089,2738228.9043284277
2019-04-05 00:00:00 UTC,5.239363846034037e-05,37931670.7839007,4106188.8496297314
2019-04-06 00:00:00 UTC,5.1316269360147395e-05,36638692.08728747,4428360.314288531
2019-04-07 00:00:00 UTC,5.247610137225409e-05,37369543.12807065,3122543.4443493253
2019-04-08 00:00:00 UTC,5.5252010786844486e-05,39370711.622162946,2905356.0012232303
2019-04-09 00:00:00 UTC,5.2717321225631676e-05,37406328.59652112,3636087.169461804
2019-04-10 00:00:00 UTC,4.866411543084162e-05,34375779.35197346,2393131.7691294183
2019-04-11 00:00:00 UTC,5.232850999668824e-05,36958390.37126956,2734368.2529671267
2019-04-12 00:00:00 UTC,4.8780277530790664e-05,34115198.651567064,2247184.065660063
2019-04-13 00:00:00 UTC,4.347040596923628e-05,30361214.20707758,3097630.5573657723
2019-04-14 00:00:00 UTC,4.642771073727958e-05,32665737.91887148,3095204.124485599
2019-04-15 00:00:00 UTC,4.676064117763901e-05,32641757.28274134,1734198.1818177465
2019-04-16 00:00:00 UTC,4.811662480665552e-05,33659120.58875108,3076519.999729034
2019-04-17 00:00:00 UTC,4.798513081918079e-05,33410575.558509257,3855067.0623633475
2019-04-18 00:00:00 UTC,4.8727384260301044e-05,33782232.27133951,2810790.6608346067
2019-04-19 00:00:00 UTC,4.98722285456754e-05,34540797.746852994,3198377.9536583475
2019-04-20 00:00:00 UTC,4.8281328780644075e-05,33298979.018434066,3649167.5034219027
2019-04-21 00:00:00 UTC,4.999981209925289e-05,34601790.83343206,3030414.603846752
2019-04-22 00:00:00 UTC,5.003549339828659e-05,34495354.17795506,2798126.0842410764
2019-04-23 00:00:00 UTC,5.020431026046056e-05,34535242.57728805,2652354.3638551817
2019-04-24 00:00:00 UTC,4.9985609965545104e-05,34281913.88099765,1754794.2185955038
2019-04-25 00:00:00 UTC,4.7064328951339226e-05,32178046.183833387,1474848.2231385503
2019-04-26 00:00:00 UTC,4.422202233842613e-05,30166499.470442895,1418090.9727791832
2019-04-27 00:00:00 UTC,4.4176132825664874e-05,30175982.454980236,1075565.8850411922
2019-04-28 00:00:00 UTC,4.445559947458105e-05,30283869.907158714,948055.0380893692
2019-04-29 00:00:00 UTC,4.32981742968513e-05,29576213.493245907,1312675.1618364435
2019-04-30 00:00:00 UTC,4.172323406792747e-05,27895404.21896491,1061151.1207854273
2019-05-01 00:00:00 UTC,4.4356262579009344e-05,30120004.532045163,1144382.6250910354
2019-05-02 00:00:00 UTC,4.855651257393886e-05,32253473.90787351,1334979.041695735
2019-05-03 00:00:00 UTC,4.981981325810255e-05,30922857.247506525,1568001.300475231
2019-05-04 00:00:00 UTC,5.1032912494292104e-05,31633132.57773932,1264234.232553869
2019-05-05 00:00:00 UTC,4.889796570204752e-05,30304396.591601796,1481449.2642683724
2019-05-06 00:00:00 UTC,4.91616873755295e-05,30468821.25457581,1245023.5797567933
2019-05-07 00:00:00 UTC,4.909327775003256e-05,30272838.24197102,1294813.2227315863
2019-05-08 00:00:00 UTC,4.727426624512006e-05,29325471.057458427,1090403.808912335
2019-05-09 00:00:00 UTC,4.737814820196693e-05,29215222.174105573,1322304.7134018138
2019-05-10 00:00:00 UTC,4.5354518407789826e-05,27984900.533346497,1142969.3730981806
2019-05-11 00:00:00 UTC,4.589233285078118e-05,28299010.223196395,1334057.4252413756
2019-05-12 00:00:00 UTC,4.894525282687908e-05,30183569.146569334,1409698.4805825425
2019-05-13 00:00:00 UTC,4.617939581566475e-05,28476024.49275543,1321462.9161354234
2019-05-14 00:00:00 UTC,4.635100337593146e-05,28581844.43697478,1099786.462468486
2019-05-15 00:00:00 UTC,4.5737105441613875e-05,28202275.997930534,1245332.9703306316
2019-05-16 00:00:00 UTC,4.869723162664683e-05,30021026.418478318,1394893.985049393
2019-05-17 00:00:00 UTC,4.8320548557260195e-05,29736363.99003941,2293255.3819450005
2019-05-18 00:00:00 UTC,4.393133982457884e-05,27081621.087275293,1561960.235543423
2019-05-19 00:00:00 UTC,4.460637786005955e-05,27506039.999884192,1881550.412637561
2019-05-20 00:00:00 UTC,4.7700074839197726e-05,29413734.74978429,1581930.45112341
2019-05-21 00:00:00 UTC,4.351697974701718e-05,26831312.695506856,1784533.6182912507
2019-05-22 00:00:00 UTC,4.4217158058975475e-05,27266031.823229443,1141127.0650128534
2019-05-23 00:00:00 UTC,4.309582601537097e-05,26251066.63506635,1765662.8224433423
2019-05-24 00:00:00 UTC,4.232878080211134e-05,26101584.431308724,1620266.3506602023
2019-05-25 00:00:00 UTC,4.1691275195045684e-05,25708473.50033131,1611908.1007422623
2019-05-26 00:00:00 UTC,4.022589065889141e-05,24804859.9903278,1718447.0676507435
2019-05-27 00:00:00 UTC,4.300933722934823e-05,26521242.18447764,1893714.930546346
2019-05-28 00:00:00 UTC,4.275841554805549e-05,26350802.25007405,1982513.2986909389
2019-05-29 00:00:00 UTC,4.370577069808032e-05,26917124.86144073,1981765.8435905036
2019-05-30 00:00:00 UTC,4.347576546656976e-05,26808860.107419964,2001195.2032293554
2019-05-31 00:00:00 UTC,4.085173989519567e-05,21802532.28302164,1929540.7275850791
2019-06-01 00:00:00 UTC,3.678909305717565e-05,19513716.567612197,1762988.4865572436
2019-06-02 00:00:00 UTC,3.627518129807569e-05,19225150.842411947,1623166.2700885795
2019-06-03 00:00:00 UTC,3.701542532602947e-05,19614806.673115566,1614449.1691579863
2019-06-04 00:00:00 UTC,3.554832861586536e-05,17558981.527474392,1569565.2989847865
2019-06-05 00:00:00 UTC,2.466380696630893e-05,12252878.282746773,1228004.6990679642
2019-06-06 00:00:00 UTC,2.5866681092259688e-05,12554558.976690397,1067376.8226683608
2019-06-07 00:00:00 UTC,2.32108815558774e-05,11024970.02611721,1028523.2134805125
2019-06-08 00:00:00 UTC,2.4514227874078123e-05,11597383.283414911,1053277.0815621063
2019-06-09 00:00:00 UTC,2.4473792996738768e-05,11406691.622606147,1020502.0700689338
2019-06-10 00:00:00 UTC,2.2725756235648013e-05,10739945.311043788,963182.9028603937
2019-06-11 00:00:00 UTC,2.2811396323632426e-05,10394357.963252887,1113416.753280841
2019-06-12 00:00:00 UTC,2.360134575340102e-05,10741552.893012462,1027750.4091845151
2019-06-13 00:00:00 UTC,2.4119372236652144e-05,10033736.361645088,832450.8441127382
2019-06-14 00:00:00 UTC,2.4585492579214928e-05,10106972.611159474,924935.2288814832
2019-06-15 00:00:00 UTC,2.2687202771238725e-05,8091306.542142178,871387.9366088851
2019-06-16 00:00:00 UTC,2.3711921318176007e-05,7784400.356081568,878397.8412588274
2019-06-17 00:00:00 UTC,2.2666272402605138e-05,7529334.393673854,879315.8398868877
2019-06-18 00:00:00 UTC,2.086815518123126e-05,6914728.466654391,922346.5246304412
2019-06-19 00:00:00 UTC,2.019819780218727e-05,6680407.303043484,912453.6715526369
2019-06-20 00:00:00 UTC,2.0605652026145166e-05,6523000.653569076,820530.9405404958
2019-06-21 00:00:00 UTC,2.1012877074760196e-05,6651782.588287677,1675718.544172119
2019-06-22 00:00:00 UTC,2.3494025143006975e-05,7437354.623301992,2039195.8099792588
2019-06-23 00:00:00 UTC,2.331377412559734e-05,7391188.753015007,1850035.7471764688
2019-06-24 00:00:00 UTC,2.1878095262633783e-05,6948143.25839192,1459938.9203404358
2019-06-25 00:00:00 UTC,2.1105371041977744e-05,6681798.602048562,1319206.0242169648
2019-06-26 00:00:00 UTC,2.2869206424373526e-05,7264589.1300311955,1543967.4326972282
2019-06-27 00:00:00 UTC,1.8022474195301035e-05,5694644.351618406,1177571.3621647586
2019-06-28 00:00:00 UTC,1.7478170704027924e-05,5511901.223736298,1247494.6228774511
2019-06-29 00:00:00 UTC,1.7251714370347485e-05,5456277.768301643,1187630.0842610626
2019-06-30 00:00:00 UTC,1.823283313567322e-05,5771933.056197042,1135648.4752822367
2019-07-01 00:00:00 UTC,1.855841581773123e-05,5863011.454035654,1170436.2006480065
2019-07-02 00:00:00 UTC,1.8613863516879837e-05,5961706.101509612,1319555.2205503294
2019-07-03 00:00:00 UTC,1.6180072847777758e-05,5097746.738344307,1073589.6504938914
2019-07-04 00:00:00 UTC,1.575172732244964e-05,4981310.957639196,448687.1081437236
2019-07-05 00:00:00 UTC,1.581325535010735e-05,4962178.318969062,344939.18111239467
2019-07-06 00:00:00 UTC,1.4839423853104168e-05,4651799.127366769,951190.2785327726
2019-07-07 00:00:00 UTC,1.6576366646936917e-05,5204326.493390584,981149.361954826
2019-07-08 00:00:00 UTC,1.8201360202881872e-05,5704089.534359602,1346159.832850627
2019-07-09 00:00:00 UTC,2.0168478445206827e-05,6328432.317567046,1510798.1065631732
2019-07-10 00:00:00 UTC,1.9307985962030875e-05,6061213.290429367,1506304.3929266061
2019-07-11 00:00:00 UTC,1.7510284861387845e-05,5496244.227063119,1341735.5040540209
2019-07-12 00:00:00 UTC,1.6392653946021583e-05,5137207.3657678515,1704717.5618284077
2019-07-13 00:00:00 UTC,1.692460762927764e-05,5310560.476284799,1842153.4781117043
2019-07-14 00:00:00 UTC,1.630562404394415e-05,5094519.528601752,2312273.3398650065
2019-07-15 00:00:00 UTC,1.538262613749948e-05,4834934.033945439,2166745.1964807324
2019-07-16 00:00:00 UTC,1.5699246647913194e-05,4934223.528939592,1135490.0934744584
2019-07-17 00:00:00 UTC,1.5017467831693107e-05,4670486.211000465,2329324.652756159
2019-07-18 00:00:00 UTC,1.393484696551053e-05,4367684.221025113,1475237.0271102602
2019-07-19 00:00:00 UTC,1.4393322896404146e-05,4553944.749736858,1741651.3266693184
2019-07-20 00:00:00 UTC,1.4300170288379686e-05,4486295.66576476,963091.9651482981
2019-07-21 00:00:00 UTC,1.494033417108831e-05,4598028.378298893,389747.24405159673
2019-07-22 00:00:00 UTC,1.4767560357201745e-05,4627065.626289102,479056.38583395124
2019-07-23 00:00:00 UTC,1.60385150178267e-05,4891015.36265236,588197.1239525938
2019-07-24 00:00:00 UTC,1.601149079760855e-05,5014478.086445144,503780.4323907287
2019-07-25 00:00:00 UTC,1.4653469723146798e-05,4723765.751626553,654989.5840185845
2019-07-26 00:00:00 UTC,1.543788154996849e-05,4813888.788746403,571609.9605794136
2019-07-27 00:00:00 UTC,1.5455782394302317e-05,4843997.754663515,680987.2732283551
2019-07-28 00:00:00 UTC,1.5345764652558295e-05,4815479.22149988,634366.5562753378
2019-07-29 00:00:00 UTC,1.579156421552404e-05,4956367.4928339105,683272.5061136734
2019-07-30 00:00:00 UTC,1.6042354063798045e-05,5026659.065423969,567720.6173077467
2019-07-31 00:00:00 UTC,1.6224577026649507e-05,5077590.179518427,574287.8644591373
2019-08-01 00:00:00 UTC,1.6494039446325612e-05,5159816.497530568,566537.7350521355
2019-08-02 00:00:00 UTC,1.6436451766277192e-05,5166182.640027309,646810.3700779844
2019-08-03 00:00:00 UTC,1.6681034265851948e-05,5227145.757660128,724281.6361104433
2019-08-04 00:00:00 UTC,1.6595263780837935e-05,5199236.135836138,737887.136849875
2019-08-05 00:00:00 UTC,1.6775161364443567e-05,5254487.313883022,746868.8267811898
2019-08-06 00:00:00 UTC,1.6107381621884494e-05,4914543.116128757,592574.9664934957
2019-08-07 00:00:00 UTC,1.4822851440983551e-05,4645191.440053124,718668.095493446
2019-08-08 00:00:00 UTC,1.5092477393228787e-05,4731405.907543887,559283.6273273545
2019-08-09 00:00:00 UTC,1.4786193800439772e-05,4745432.792544464,604927.7446636375
2019-08-10 00:00:00 UTC,1.3499219719043692e-05,4228745.214525804,539022.5926566005
2019-08-11 00:00:00 UTC,1.3509303673619332e-05,4232775.97644289,533503.0586409383
2019-08-12 00:00:00 UTC,1.4014515593136843e-05,4390694.574023778,652156.2502043234
2019-08-13 00:00:00 UTC,1.377022713816553e-05,4303774.162136297,552807.969878035
2019-08-14 00:00:00 UTC,1.3193813416840923e-05,4128325.561855539,639548.0163238153
2019-08-15 00:00:00 UTC,1.3472827601311742e-05,4221275.104618623,1517548.5566122034
2019-08-16 00:00:00 UTC,1.3272333384848542e-05,4158456.7216020003,534382.5753923582
2019-08-17 00:00:00 UTC,1.7075324104170353e-05,4567090.099107257,3319944.9653313435
2019-08-18 00:00:00 UTC,1.6338348867844103e-05,5104797.65042642,593852.9480385345
2019-08-19 00:00:00 UTC,1.9659388126381812e-05,6161329.400854453,926263.0785390462
2019-08-20 00:00:00 UTC,2.055352479793147e-05,6428828.689203619,1644246.0094837924
2019-08-21 00:00:00 UTC,2.1852598529744332e-05,6846805.501753324,7897507.594543036
2019-08-22 00:00:00 UTC,1.754394846508324e-05,5496829.253953904,6472017.00010565
2019-08-23 00:00:00 UTC,1.8512391066430173e-05,5800259.4442815725,5959975.4603335345
2019-08-24 00:00:00 UTC,2.213411928232708e-05,6167081.496308205,6208553.470464778
2019-08-25 00:00:00 UTC,2.111661085080737e-05,6620208.063292876,8925005.263789568
2019-08-26 00:00:00 UTC,2.072176154702554e-05,6492494.280397822,5581586.485017633
2019-08-27 00:00:00 UTC,1.808421001976278e-05,5684904.861123696,8387716.088649676
2019-08-28 00:00:00 UTC,1.8557052035358812e-05,5814252.515510975,7973551.838258436
2019-08-29 00:00:00 UTC,1.6918765548378768e-05,5300948.392102715,5030122.618660593
2019-08-30 00:00:00 UTC,1.5368357082114012e-05,4606458.737788781,5343423.632710248
2019-08-31 00:00:00 UTC,1.4916082604194083e-05,4629124.4981873445,4400913.096747784
2019-09-01 00:00:00 UTC,1.3166255648917413e-05,4211122.046118984,4414408.993095087
2019-09-02 00:00:00 UTC,1.2106896516336272e-05,3733478.0293912925,5529180.026840026
2019-09-03 00:00:00 UTC,1.3588725689252879e-05,4386936.123174341,6817074.332001767
2019-09-04 00:00:00 UTC,1.2806328478530126e-05,3980075.4663381944,1808596.3724827725
2019-09-05 00:00:00 UTC,1.2823989341896153e-05,3979854.818608543,1014147.8895497018
2019-09-06 00:00:00 UTC,1.2940845481679705e-05,4015906.120544275,1208323.125744033
2019-09-07 00:00:00 UTC,1.3070243183299285e-05,4056674.3061541375,1421367.1208816974
2019-09-08 00:00:00 UTC,1.3382269844009555e-05,4153114.113141201,1074408.1467298355
2019-09-09 00:00:00 UTC,1.3083178179359193e-05,4062313.7475214647,1278075.8700755131
2019-09-10 00:00:00 UTC,1.3319128248691014e-05,4133518.465041106,1432213.8000798195
2019-09-11 00:00:00 UTC,1.294095699209994e-05,4016155.9236783287,1284503.1474170617
2019-09-12 00:00:00 UTC,1.2732422267352542e-05,3951437.478798559,1213833.3533922364
2019-09-13 00:00:00 UTC,1.2816593358860761e-05,3977041.8390333005,1410895.8499213431
2019-09-14 00:00:00 UTC,1.2520807295028731e-05,3885599.2757646064,1139774.5189923516
2019-09-15 00:00:00 UTC,1.340789776515386e-05,4161067.598030949,1257364.6622575435
2019-09-16 00:00:00 UTC,1.362126999137147e-05,4253755.311750185,1422177.767149181
2019-09-17 00:00:00 UTC,1.3576295491081848e-05,4213328.909476966,1399862.8605336058
2019-09-18 00:00:00 UTC,1.3126710084370677e-05,4074218.761679132,1025107.3900522474
2019-09-19 00:00:00 UTC,1.2356885795312036e-05,3868965.61866791,1357222.156394669
2019-09-20 00:00:00 UTC,1.3082527173853054e-05,4057471.3669481347,1367379.4359358863
2019-09-21 00:00:00 UTC,1.3195126877622271e-05,4101411.3682493647,1319299.5136787386
2019-09-22 00:00:00 UTC,1.3058887364041756e-05,4052851.253060619,1177707.6103448954
2019-09-23 00:00:00 UTC,1.2428577461681056e-05,3857140.908385002,1174710.659739143
2019-09-24 00:00:00 UTC,1.0582770723559768e-05,3282444.1435909173,1115143.864408271
2019-09-25 00:00:00 UTC,8.12572187365969e-06,2543191.050732868,830929.3159715987
2019-09-26 00:00:00 UTC,8.779882082783225e-06,2724788.2918789936,787047.2061724925
2019-09-27 00:00:00 UTC,8.38075651004793e-06,2636679.759357413,896790.1854137667
2019-09-28 00:00:00 UTC,7.679359628495834e-06,2383247.1788983927,768501.5936974961
2019-09-29 00:00:00 UTC,7.2855304097060626e-06,2261024.4389754385,869079.733444282
2019-09-30 00:00:00 UTC,7.979832105511086e-06,2501585.2021422563,821707.5665770803
2019-10-01 00:00:00 UTC,7.824021526836847e-06,2428142.2063217713,936712.2420583492
2019-10-02 00:00:00 UTC,7.688569010541621e-06,2386105.260150191,587682.2686183344
2019-10-03 00:00:00 UTC,7.688569010541621e-06,2386105.260150191,587682.2686183344
2019-10-04 00:00:00 UTC,7.4079985960235116e-06,2296459.4736829298,806953.8882379552
2019-10-05 00:00:00 UTC,7.338972867458445e-06,2277610.012881776,810766.19242551
2019-10-06 00:00:00 UTC,1.2606557695805926e-05,3912560.8765369277,745.8070851913026
2019-10-07 00:00:00 UTC,7.772402603464318e-06,2410265.9826677707,865841.1279849202
2019-10-08 00:00:00 UTC,7.970428967496513e-06,2474208.2142131403,839168.0747211475
2019-10-09 00:00:00 UTC,8.075923069362442e-06,2509072.757542178,786150.8125526858
2019-10-10 00:00:00 UTC,8.275984040433373e-06,2568406.2957257633,852989.6714046441
2019-10-11 00:00:00 UTC,7.833048079136415e-06,2430943.547363711,854508.8547929131
2019-10-12 00:00:00 UTC,7.417282732243739e-06,2301913.050290902,803323.2504689633
2019-10-13 00:00:00 UTC,7.498048673205517e-06,2327486.470747758,728283.148358678
2019-10-14 00:00:00 UTC,7.188017963279014e-06,2230917.2857802515,641596.8542063219
2019-10-15 00:00:00 UTC,6.774385610268603e-06,2051648.9418283834,620335.3523760793
2019-10-16 00:00:00 UTC,6.732338152272248e-06,2089344.2532962314,459708.4587636059
2019-10-17 00:00:00 UTC,6.573122341182174e-06,2048183.4830026887,520077.0458141181
2019-10-18 00:00:00 UTC,6.400057319790377e-06,1986027.1996573377,638344.8837121052
2019-10-19 00:00:00 UTC,6.437582967188009e-06,2001165.03755807,637645.3022727505
2019-10-20 00:00:00 UTC,6.253229456794992e-06,1940377.207548994,707217.9234976246
2019-10-21 00:00:00 UTC,6.2827140452246145e-06,1949805.8755505509,601891.329998749
2019-10-22 00:00:00 UTC,6.085672369168882e-06,1888655.0711471871,571400.6300114644
2019-10-23 00:00:00 UTC,5.671351401606068e-06,1759501.0653631247,508593.71382664656
2019-10-24 00:00:00 UTC,5.82052481689113e-06,1806367.9812688946,432297.147826943
2019-10-25 00:00:00 UTC,4.304974262172579e-06,1336025.1716148097,383938.867146867
2019-10-26 00:00:00 UTC,5.269089484211653e-06,1635098.9006373335,490517.31203204644
2019-10-27 00:00:00 UTC,5.658437643000627e-06,1756065.115066779,547186.2141264982
2019-10-28 00:00:00 UTC,5.8982021037680575e-06,1830474.701590597,655943.2515982076
2019-10-29 00:00:00 UTC,4.316987613581603e-06,1339753.4493931327,516497.34457162506
2019-10-30 00:00:00 UTC,5.188731874570098e-06,1610294.5037555827,567441.1291170532
2019-10-31 00:00:00 UTC,5.387327257790123e-06,1669836.9579765466,388082.38170428167
2019-11-01 00:00:00 UTC,4.913452093831311e-06,1524862.9322975879,423158.95897840435
2019-11-02 00:00:00 UTC,5.137847430576233e-06,1594420.579026097,411547.42983117787
2019-11-03 00:00:00 UTC,5.265345203510967e-06,1633991.889201845,486062.0408806444
2019-11-04 00:00:00 UTC,5.3535353925935144e-06,1661440.3724741659,604190.9056408695
2019-11-05 00:00:00 UTC,5.212070585707507e-06,1617364.599631485,497605.16867671546
2019-11-06 00:00:00 UTC,5.3421118712097e-06,1660325.0980554936,510342.0093739834
2019-11-07 00:00:00 UTC,5.3926249174148305e-06,1673571.5922973906,581398.8971320146
2019-11-08 00:00:00 UTC,5.434625626931843e-06,1686606.2823380444,652249.965012632
2019-11-09 00:00:00 UTC,5.0022234834882e-06,1552412.6466229358,431586.04165203945
2019-11-10 00:00:00 UTC,5.464064864109724e-06,1695931.3321095272,515478.4277477224
2019-11-11 00:00:00 UTC,5.307171964139014e-06,1647051.7365183465,503651.98123486125
2019-11-12 00:00:00 UTC,5.170329036592207e-06,1604583.283834095,598944.8183510634
2019-11-13 00:00:00 UTC,4.786758834816916e-06,1458362.3200802314,397896.07388250646
2019-11-14 00:00:00 UTC,4.814262824401324e-06,1510776.2249185438,315729.20278056007
2019-11-15 00:00:00 UTC,4.847085895657021e-06,1492607.1175644991,488020.97367746616
2019-11-16 00:00:00 UTC,4.128391890593839e-06,1257851.6282353508,494557.7814851075
2019-11-17 00:00:00 UTC,4.534729846667571e-06,1401606.4900395428,472659.9987898829
2019-11-18 00:00:00 UTC,4.673970673986119e-06,1438045.6505490083,487687.77966909466
2019-11-19 00:00:00 UTC,5.269579118203282e-06,1585490.1961195695,538971.4399224566
2019-11-20 00:00:00 UTC,4.942088251380327e-06,1562235.1329947368,339685.2726939964
2019-11-21 00:00:00 UTC,4.769782078089924e-06,1447903.9203405678,407788.33743512037
2019-11-22 00:00:00 UTC,4.055341181449338e-06,1257892.3344828282,361366.39081748785
2019-11-23 00:00:00 UTC,4.161873255706084e-06,1289514.1173261125,15751.599847956024
2019-11-24 00:00:00 UTC,3.5514622725129883e-06,1080608.640480965,254956.97229967284
2019-11-25 00:00:00 UTC,3.732740963118113e-06,1115012.2175075556,325547.38433022
2019-11-26 00:00:00 UTC,4.315127947155293e-06,1338777.150914625,447936.63522755075
2019-11-27 00:00:00 UTC,3.82154184806881e-06,1184333.6677148317,351683.7944132033
2019-11-28 00:00:00 UTC,3.898586033375858e-06,1210018.0911779916,393389.5658187203
2019-11-29 00:00:00 UTC,4.082429439174876e-06,1292472.0546193891,407868.7949398717
2019-11-30 00:00:00 UTC,4.073322728089341e-06,1263537.0983923874,434824.4176092545
2019-12-01 00:00:00 UTC,4.153754361410908e-06,1289094.9040771064,479894.77915315883
2019-12-02 00:00:00 UTC,4.4545798338529856e-06,1400466.205819371,413874.17565580516
2019-12-03 00:00:00 UTC,4.2187690229424925e-06,1309912.7236569417,413016.2475553514
2019-12-04 00:00:00 UTC,4.1278718846049475e-06,1290796.1298441512,350698.5710409273
2019-12-05 00:00:00 UTC,4.102728938131979e-06,1269852.1623161044,334225.9063032855
2019-12-06 00:00:00 UTC,4.209122611261781e-06,1309910.5715385946,383685.0916535269
2019-12-07 00:00:00 UTC,4.102905472017733e-06,1269951.1087105153,474619.1008128824
2019-12-08 00:00:00 UTC,3.9521331494327895e-06,1244106.3179261137,389850.7720951235
2019-12-09 00:00:00 UTC,4.090885142851601e-06,1269874.9139808556,416994.32636407187
2019-12-10 00:00:00 UTC,4.0728942344428666e-06,1278885.0145455606,383906.8222405008
2019-12-11 00:00:00 UTC,3.9979710554715985e-06,1214540.2809656807,382123.3742865243
2019-12-12 00:00:00 UTC,3.573284036022995e-06,1106439.6817298667,324266.9536245805
2019-12-13 00:00:00 UTC,4.033928574039328e-06,1251944.6008604446,301755.4958333714
2019-12-14 00:00:00 UTC,3.7688376001327528e-06,1169753.0494486503,250571.17294512232
2019-12-15 00:00:00 UTC,3.7047319152481338e-06,1149225.7401095938,237125.43098882478
2019-12-16 00:00:00 UTC,3.6518884945270067e-06,1133343.5824436997,268389.73792268086
2019-12-17 00:00:00 UTC,3.324267184723916e-06,1029599.0464557897,175493.99915956773
2019-12-18 00:00:00 UTC,3.2658728255830652e-06,1015725.0167116704,204731.4018616912
2019-12-19 00:00:00 UTC,3.2776445821031473e-06,1009953.7116379202,194783.53241153594
2019-12-20 00:00:00 UTC,3.1131403673008003e-06,958134.3144780662,224212.89853020705
2019-12-21 00:00:00 UTC,2.9452893672227058e-06,914035.3799062737,271377.6191338885
2019-12-22 00:00:00 UTC,2.95904571335734e-06,918032.7939245531,189010.76974860884
2019-12-23 00:00:00 UTC,2.9849971871980192e-06,925540.2950070398,152687.22206637097
2019-12-24 00:00:00 UTC,3.278690256505134e-06,1017272.5031057815,214789.8912478552
2019-12-25 00:00:00 UTC,3.245887389619674e-06,1005519.8848454828,192234.81067428697
2019-12-26 00:00:00 UTC,3.2470436266174375e-06,1004040.0329360977,207817.10966437854
2019-12-27 00:00:00 UTC,3.1510068743585886e-06,979705.2126744359,179935.80946722915
2019-12-28 00:00:00 UTC,3.1318320715688265e-06,975841.1606707725,236887.25008775873
2019-12-29 00:00:00 UTC,3.131046501423855e-06,944934.9161940649,200512.77275161137
2019-12-30 00:00:00 UTC,3.3377983475576082e-06,1009148.0497670743,198068.39578039065
2019-12-31 00:00:00 UTC,3.3559795364169516e-06,1034017.2660605832,259394.17117060427
2020-01-01 00:00:00 UTC,3.2352144924097937e-06,1003654.8610223224,214650.95972625687
2020-01-02 00:00:00 UTC,3.2516866848461517e-06,1009143.143858595,235733.61505246977
2020-01-03 00:00:00 UTC,3.2883365944933576e-06,1008998.9135282458,220075.57166784638
2020-01-04 00:00:00 UTC,3.215443776471e-06,996163.4506542026,229695.83154191193
2020-01-05 00:00:00 UTC,3.196419832747623e-06,991230.7883020433,169563.6738049396
2020-01-06 00:00:00 UTC,3.144693697406627e-06,975193.3192426523,228001.71270214452
2020-01-07 00:00:00 UTC,3.0586437303345046e-06,949233.3207740096,246887.10209627927
2020-01-08 00:00:00 UTC,3.044148134743917e-06,944552.4681456923,208223.45223327688
2020-01-09 00:00:00 UTC,2.7999466753784946e-06,875400.1309949169,212948.33310007278
2020-01-10 00:00:00 UTC,3.1386561203500637e-06,919571.6216100658,269599.2383473405
2020-01-11 00:00:00 UTC,2.7978431129965506e-06,871992.8384563747,307698.9938708811
2020-01-12 00:00:00 UTC,2.934439977846874e-06,910519.1593524368,305130.33013838535
2020-01-13 00:00:00 UTC,2.676371993159814e-06,832232.867746025,236626.01994468237
2020-01-14 00:00:00 UTC,2.706053833092361e-06,839927.5632685688,232202.65780189636
2020-01-15 00:00:00 UTC,2.7424223654252905e-06,849957.7107953329,301363.7493798011
2020-01-16 00:00:00 UTC,2.7170619012176984e-06,833198.1347359571,204676.75205246656
2020-01-17 00:00:00 UTC,2.8205122117969926e-06,874333.8591596757,337025.8173020842
2020-01-18 00:00:00 UTC,2.728442039631563e-06,847776.7825531702,297532.52552918706
2020-01-19 00:00:00 UTC,2.7821071264498476e-06,862943.0536473471,235288.19832016953
2020-01-20 00:00:00 UTC,2.7410091870953917e-06,860733.6385262748,231747.31248298977
2020-01-21 00:00:00 UTC,2.8527813815785567e-06,885525.7777556917,71926.18469726187
2020-01-22 00:00:00 UTC,4.119434072496277e-06,1263980.2726406525,56391.4529763263
2020-01-23 00:00:00 UTC,4.592382215011884e-06,1425220.6548235316,103378.10868420996
2020-01-24 00:00:00 UTC,4.222196521616121e-06,1305363.7993296573,52272.81539932316
2020-01-25 00:00:00 UTC,3.3252245132937233e-06,1034869.7476154785,58757.59162178333
2020-01-26 00:00:00 UTC,3.2032106152888647e-06,994099.0309944807,29024.694097185984
2020-01-27 00:00:00 UTC,3.2411322790278116e-06,1005091.8537164236,28725.831524659632
2020-01-28 00:00:00 UTC,3.2596151343540997e-06,1011316.5545782342,40896.67116652867
2020-01-29 00:00:00 UTC,3.457118324244e-06,1076783.9381586725,65156.85520904378
2020-01-30 00:00:00 UTC,3.4107570251226943e-06,1061583.1782005932,50435.657815391416
2020-01-31 00:00:00 UTC,3.525694321562424e-06,1090484.054080325,27724.442549604053
2020-02-01 00:00:00 UTC,3.3187542867607964e-06,1033095.7047383793,35334.444369017394
2020-02-02 00:00:00 UTC,3.438373437459195e-06,1067555.3463243905,23087.38305385988
2020-02-03 00:00:00 UTC,3.411432368854437e-06,1059384.7799356536,20070.38476881385
2020-02-04 00:00:00 UTC,3.4062292326533185e-06,1055641.2942637699,18415.630159327633
2020-02-05 00:00:00 UTC,3.7353964666593202e-06,1157468.0448546114,19777.73042481386
2020-02-06 00:00:00 UTC,4.1877632945734345e-06,1292437.6448462526,20782.728797576074
2020-02-07 00:00:00 UTC,5.402057333452368e-06,1677844.404346184,41410.70075301173
2020-02-08 00:00:00 UTC,8.366069343088516e-06,2615496.939009985,64794.05280745167
2020-02-09 00:00:00 UTC,7.833152142568071e-06,2419918.458048274,73477.7713503346
2020-02-10 00:00:00 UTC,7.45860103587361e-06,2276818.3233975414,43387.61527838693
2020-02-11 00:00:00 UTC,7.070202655533484e-06,2194198.650433635,48371.99848582573
2020-02-12 00:00:00 UTC,7.25894305461732e-06,2234208.3838058,79699.0676637812
2020-02-13 00:00:00 UTC,8.26915093874013e-06,2560168.1780639454,130972.11113597413
2020-02-14 00:00:00 UTC,7.818552711830782e-06,2424067.405502549,118179.28332184981
2020-02-15 00:00:00 UTC,7.906673293654081e-06,2449597.132211485,73087.0865865758
2020-02-16 00:00:00 UTC,6.741577434479137e-06,2092014.0920447214,56590.17453971697
2020-02-17 00:00:00 UTC,6.924528367149479e-06,2162231.566621084,49893.11644252288
2020-02-18 00:00:00 UTC,6.7249676695698545e-06,2080305.6708166066,43100.44990882424
2020-02-19 00:00:00 UTC,6.551114326464436e-06,2037853.0809762646,60547.71020077999
2020-02-20 00:00:00 UTC,6.05806062128115e-06,1890245.3358511974,42453.101614031046
2020-02-21 00:00:00 UTC,5.763878124064887e-06,1786237.4051662232,40715.61624297496
2020-02-22 00:00:00 UTC,5.828401185854648e-06,1811007.0975363294,66195.81642006114
2020-02-23 00:00:00 UTC,5.778116155879789e-06,1801070.6141759984,40311.8033706244
2020-02-24 00:00:00 UTC,5.953442407820578e-06,1846524.1517586384,36102.15775187477
2020-02-25 00:00:00 UTC,5.5363210565927375e-06,1715530.0059604829,51426.308858335455
2020-02-26 00:00:00 UTC,5.227959261765302e-06,1620997.5921854582,56432.57089483346
2020-02-27 00:00:00 UTC,4.5743743050113876e-06,1424201.6712420627,39374.80282532914
2020-02-28 00:00:00 UTC,4.631900228337254e-06,1437806.5708898476,22582.642103094953
2020-02-29 00:00:00 UTC,4.660740202410928e-06,1447743.0507751834,16018.9104102306
2020-03-01 00:00:00 UTC,4.463104478974212e-06,1387403.3709420068,16820.130041731314
2020-03-02 00:00:00 UTC,5.195975333340552e-06,1605719.0537436474,19989.246371569545
2020-03-03 00:00:00 UTC,5.5449038146318465e-06,1720830.5135818594,58974.52302194063
2020-03-04 00:00:00 UTC,5.335548257984965e-06,1680005.0787177805,28671.46357167504
2020-03-05 00:00:00 UTC,5.268774038449098e-06,1638329.5047909813,25985.32570163445
2020-03-06 00:00:00 UTC,5.550356562974979e-06,1721560.624610695,35152.4876481788
2020-03-07 00:00:00 UTC,5.77951132620521e-06,1792659.6280188693,28495.81863713531
2020-03-08 00:00:00 UTC,5.7306813033242405e-06,1777181.6383617076,39902.15095116042
2020-03-09 00:00:00 UTC,4.949809145553632e-06,1572371.358102032,34286.554097738284
2020-03-10 00:00:00 UTC,4.828756261394437e-06,1481484.2409735273,33027.25174579184
2020-03-11 00:00:00 UTC,4.866767217045768e-06,1509678.9008935627,23623.154748902754
2020-03-12 00:00:00 UTC,4.706619037489773e-06,1458690.2733295881,18759.2327781495
2020-03-13 00:00:00 UTC,3.028463360220397e-06,890508.982284272,28919.712248046108
2020-03-14 00:00:00 UTC,3.654698612801315e-06,1080085.1817619049,31296.50616071991
2020-03-15 00:00:00 UTC,3.7357142066538312e-06,1156646.3242707874,28033.98666430375
2020-03-16 00:00:00 UTC,3.7142672526887004e-06,1146206.7646892634,17472.5021584817
2020-03-17 00:00:00 UTC,3.2664232229288817e-06,1013648.2286950469,21914.176638510853
2020-03-18 00:00:00 UTC,3.4637171657131398e-06,1084268.607543848,19346.271329214116
2020-03-19 00:00:00 UTC,3.3766050930349525e-06,1060936.5008796286,23002.653976887283
2020-03-20 00:00:00 UTC,3.5919713100206058e-06,1116700.3207677768,32354.19273532604
2020-03-21 00:00:00 UTC,3.6884622525908175e-06,1142197.6386365334,21520.265562139706
2020-03-22 00:00:00 UTC,3.6298664357830566e-06,1128084.3666542,19805.468426077117
2020-03-23 00:00:00 UTC,3.4275285820206684e-06,1064056.3392891767,16156.844052715162
2020-03-24 00:00:00 UTC,4.010297170115669e-06,1244573.7508837597,18233.123320141196
2020-03-25 00:00:00 UTC,3.821560513679941e-06,1178904.533567202,17098.060065106674
2020-03-26 00:00:00 UTC,3.898583009137645e-06,1204602.1454894026,15619.914230198856
2020-03-27 00:00:00 UTC,4.097283410347234e-06,1280783.3313343464,30484.662115216677
2020-03-28 00:00:00 UTC,3.883621109664084e-06,1205260.529689516,21339.59338724029
2020-03-29 00:00:00 UTC,3.899678120742588e-06,1218966.783667992,18697.57459545043
2020-03-30 00:00:00 UTC,4.224133121937917e-06,1336996.5196982736,16790.671639985354
2020-03-31 00:00:00 UTC,4.225149953003834e-06,1305013.7144108012,14888.047722667972
2020-04-01 00:00:00 UTC,4.377648003588642e-06,1376313.901339668,20340.829164296076
2020-04-02 00:00:00 UTC,4.147644422260486e-06,1303804.4655321268,19192.009992655774
2020-04-03 00:00:00 UTC,4.506638396263999e-06,1393364.3424477635,20943.092812900573
2020-04-04 00:00:00 UTC,4.199544488527982e-06,1331887.6206565134,44627.42448215641
2020-04-05 00:00:00 UTC,4.547491417360877e-06,1408649.721941786,27528.663183895856
2020-04-06 00:00:00 UTC,4.36116846716774e-06,1358906.7748548584,22606.34141382128
2020-04-07 00:00:00 UTC,4.727093539413024e-06,1467027.576152409,35446.85487577786
2020-04-08 00:00:00 UTC,4.679558061577948e-06,1450956.279905468,25897.23656385563
2020-04-09 00:00:00 UTC,4.767014354997003e-06,1480556.4940283871,25710.64569522027
2020-04-10 00:00:00 UTC,4.489259075222819e-06,1393216.953490225,19355.065177375414
2020-04-11 00:00:00 UTC,4.380754962839155e-06,1372871.2992760162,21296.926253565936
2020-04-12 00:00:00 UTC,4.391177968568743e-06,1340588.9685540688,15210.388692438775
2020-04-13 00:00:00 UTC,4.625423876410902e-06,1451567.0636301874,25909.427385706553
2020-04-14 00:00:00 UTC,4.772627525195326e-06,1481221.7537536684,17081.55764693751
2020-04-15 00:00:00 UTC,4.791401825144728e-06,1487563.4018990537,16322.896992611306
2020-04-16 00:00:00 UTC,4.751974804459666e-06,1473212.7469264932,26696.10051032045
2020-04-17 00:00:00 UTC,5.85913500509611e-06,1816372.26257635,56713.632794699006
2020-04-18 00:00:00 UTC,6.194298246576585e-06,1922366.5169462138,27366.632495006743
2020-04-19 00:00:00 UTC,8.891156953227655e-06,2780728.502445799,73267.38455015662
2020-04-20 00:00:00 UTC,8.753858986288941e-06,2719311.385133362,92215.77239745788
2020-04-21 00:00:00 UTC,8.505117221482759e-06,2641984.562092576,54814.85045202979
2020-04-22 00:00:00 UTC,8.696079595594372e-06,2699766.0968555766,41386.970827621735
2020-04-23 00:00:00 UTC,9.443166757854212e-06,2930635.05608101,54594.04049090025
2020-04-24 00:00:00 UTC,7.796080019865257e-06,2420023.8636198854,71765.84525017122
2020-04-25 00:00:00 UTC,6.6394484757094935e-06,2047802.740001182,67377.19389408448
2020-04-26 00:00:00 UTC,7.2154333700046664e-06,2236613.1017856477,58789.39644851952
2020-04-27 00:00:00 UTC,7.564858533817953e-06,2344259.883191484,26913.865671819745
2020-04-28 00:00:00 UTC,7.1139073271422784e-06,2205277.7971233996,42251.41346449088
2020-04-29 00:00:00 UTC,7.808571735803975e-06,0.0,46441.60299675433
2020-04-30 00:00:00 UTC,6.68316494131906e-06,0.0,72018.46827463245
2020-05-01 00:00:00 UTC,6.97792693111326e-06,0.0,63784.39728462908
2020-05-02 00:00:00 UTC,7.112413809544799e-06,0.0,30639.133877651275
2020-05-03 00:00:00 UTC,7.155269248484341e-06,0.0,24307.891179746544
2020-05-04 00:00:00 UTC,7.10584565239017e-06,0.0,27748.66872160372
2020-05-05 00:00:00 UTC,7.118409295283702e-06,0.0,40480.32529249782
2020-05-06 00:00:00 UTC,7.022929320195484e-06,0.0,36233.2270017153
2020-05-07 00:00:00 UTC,7.477029631739609e-06,0.0,37087.47427047043
2020-05-08 00:00:00 UTC,7.581245601344853e-06,0.0,77112.16101460412
2020-05-09 00:00:00 UTC,7.476352439603482e-06,0.0,166990.22907123677
2020-05-10 00:00:00 UTC,7.058310070731493e-06,0.0,48547.24305554217
2020-05-11 00:00:00 UTC,6.733346163826148e-06,0.0,38979.048447878864
2020-05-12 00:00:00 UTC,6.704133727165368e-06,0.0,48689.498571674754
2020-05-13 00:00:00 UTC,7.029359626669587e-06,0.0,40425.299859655366
2020-05-14 00:00:00 UTC,6.904701493694349e-06,0.0,26743.68308450747
2020-05-15 00:00:00 UTC,6.743245309862275e-06,0.0,31428.487811777213
2020-05-16 00:00:00 UTC,6.6245767837363285e-06,0.0,23883.43132996889
2020-05-17 00:00:00 UTC,6.165183798118227e-06,0.0,54142.323964466435
2020-05-18 00:00:00 UTC,6.597952780965249e-06,0.0,23466.377634976456
2020-05-19 00:00:00 UTC,6.702054816210293e-06,0.0,22749.178158346804
2020-05-20 00:00:00 UTC,6.719585355372492e-06,0.0,28286.954279348807
2020-05-21 00:00:00 UTC,6.288566621813766e-06,0.0,38456.58932597606
2020-05-22 00:00:00 UTC,6.13284781060066e-06,0.0,31958.5824211381
2020-05-23 00:00:00 UTC,6.542874311788095e-06,0.0,32152.555708278323
2020-05-24 00:00:00 UTC,6.4936977327361386e-06,0.0,26735.267375341802
2020-05-25 00:00:00 UTC,7.0553433584839895e-06,0.0,55086.43917940304
2020-05-26 00:00:00 UTC,6.688229364872369e-06,0.0,27597.87050495244
2020-05-27 00:00:00 UTC,6.6183629683577075e-06,0.0,23617.20204657589
2020-05-28 00:00:00 UTC,6.465983780137724e-06,0.0,29930.80451125604
2020-05-29 00:00:00 UTC,6.393539143224728e-06,0.0,40918.25675801647
2020-05-30 00:00:00 UTC,6.281834164896802e-06,0.0,24179.71452982178
2020-05-31 00:00:00 UTC,6.510264199707127e-06,0.0,23212.773832195453
2020-06-01 00:00:00 UTC,6.204380978491159e-06,0.0,28689.001657869074
2020-06-02 00:00:00 UTC,6.228225510427717e-06,0.0,42808.38346496199
2020-06-03 00:00:00 UTC,6.072926206115997e-06,0.0,38716.04543728462
2020-06-04 00:00:00 UTC,6.239997798668943e-06,0.0,23998.493359005508
2020-06-05 00:00:00 UTC,6.147593729609449e-06,0.0,21372.671576640965
2020-06-06 00:00:00 UTC,6.104262471729595e-06,0.0,19796.736647113878
2020-06-07 00:00:00 UTC,6.157882632275427e-06,0.0,19075.081634877446
2020-06-08 00:00:00 UTC,5.9475908769531644e-06,0.0,25373.304825025753
2020-06-09 00:00:00 UTC,5.851681342144584e-06,0.0,27062.334897235134
2020-06-10 00:00:00 UTC,5.603520449458319e-06,0.0,23524.781042515388
2020-06-11 00:00:00 UTC,5.805641762140725e-06,0.0,31418.054604472523
2020-06-12 00:00:00 UTC,5.8130997802117006e-06,0.0,33706.134317206896
2020-06-13 00:00:00 UTC,5.734293029557581e-06,0.0,27259.102918596232
2020-06-14 00:00:00 UTC,5.688529651737137e-06,0.0,18276.873129654785
2020-06-15 00:00:00 UTC,5.503923091651786e-06,0.0,17308.810500684038
2020-06-16 00:00:00 UTC,5.7468075642787514e-06,0.0,23832.892859551437
2020-06-17 00:00:00 UTC,5.502568921121347e-06,0.0,11067.904540372449
2020-06-18 00:00:00 UTC,5.598592287612727e-06,0.0,6248.162549940309
2020-06-19 00:00:00 UTC,6.055503359773213e-06,0.0,9291.373685529137
2020-06-20 00:00:00 UTC,5.813846878162793e-06,0.0,9116.727710211233
2020-06-21 00:00:00 UTC,5.9025025436936e-06,0.0,9298.592737622705
2020-06-22 00:00:00 UTC,5.855441643182245e-06,0.0,14442.225614629502
2020-06-23 00:00:00 UTC,5.950380337539053e-06,0.0,11868.869952918525
2020-06-24 00:00:00 UTC,5.794615089614912e-06,0.0,22903.776854023916
2020-06-25 00:00:00 UTC,5.525864105157918e-06,0.0,14263.407118575658
2020-06-26 00:00:00 UTC,5.8650796611705795e-06,0.0,20104.017524998413
2020-06-27 00:00:00 UTC,5.793085991706601e-06,0.0,13256.031606699551
2020-06-28 00:00:00 UTC,7.051170694853681e-06,0.0,56279.786538288026
2020-06-29 00:00:00 UTC,6.7255332174407315e-06,0.0,37682.30575027799
2020-06-30 00:00:00 UTC,5.930770452538169e-06,0.0,18630.92088543516
2020-07-01 00:00:00 UTC,6.08949780086476e-06,0.0,16832.566124993962
2020-07-02 00:00:00 UTC,6.207293123954977e-06,0.0,8411.703888007814
2020-07-03 00:00:00 UTC,6.399970537469631e-06,0.0,19750.3431496316
2020-07-04 00:00:00 UTC,6.014753083848163e-06,0.0,9864.294393112843
2020-07-05 00:00:00 UTC,5.979025169856211e-06,0.0,10062.346746939795
2020-07-06 00:00:00 UTC,5.916596907182765e-06,0.0,13692.001216965904
2020-07-07 00:00:00 UTC,5.9272934877369176e-06,0.0,12823.063009399382
2020-07-08 00:00:00 UTC,6.513203338539789e-06,0.0,79370.98913507261
2020-07-09 00:00:00 UTC,7.0861642558944664e-06,0.0,92128.7751980954
2020-07-10 00:00:00 UTC,7.397310471466212e-06,0.0,117817.02362071208
2020-07-11 00:00:00 UTC,8.493580861136305e-06,0.0,120637.7367770727
2020-07-12 00:00:00 UTC,8.834465375015617e-06,0.0,155780.41625262285
2020-07-13 00:00:00 UTC,8.772241775291087e-06,0.0,96027.37565629992
2020-07-14 00:00:00 UTC,8.261448532874593e-06,0.0,192758.17632580132
2020-07-15 00:00:00 UTC,8.152583687593488e-06,0.0,670207.9041185811
2020-07-16 00:00:00 UTC,7.808174397240302e-06,0.0,399799.9773288487
2020-07-17 00:00:00 UTC,7.176967132854066e-06,0.0,340963.20155523345
2020-07-18 00:00:00 UTC,8.140012660977444e-06,0.0,33042.1521716147
2020-07-19 00:00:00 UTC,8.193668972647984e-06,0.0,27319.343345268328
2020-07-20 00:00:00 UTC,8.227119535871803e-06,0.0,27160.10538421071
2020-07-21 00:00:00 UTC,8.604271221500209e-06,0.0,61989.85649471541
2020-07-22 00:00:00 UTC,8.27941021193554e-06,0.0,58421.83706822533
2020-07-23 00:00:00 UTC,8.162462942041802e-06,0.0,74873.12135280354
2020-07-24 00:00:00 UTC,8.072597319809022e-06,0.0,64983.95859840421
2020-07-25 00:00:00 UTC,8.080075135923657e-06,0.0,69223.3535029871
2020-07-26 00:00:00 UTC,8.208979813717567e-06,0.0,58987.774497500766
2020-07-27 00:00:00 UTC,7.864264329079546e-06,0.0,118264.17439887443
2020-07-28 00:00:00 UTC,7.529903868625271e-06,0.0,215420.42238155688
2020-07-29 00:00:00 UTC,7.3725939367241305e-06,0.0,140885.25760838296
2020-07-30 00:00:00 UTC,7.61350063564307e-06,0.0,89782.22554122406
2020-07-31 00:00:00 UTC,8.025084091289183e-06,0.0,85161.16419138263
2020-08-01 00:00:00 UTC,7.797545481930027e-06,0.0,77731.15767026652
2020-08-02 00:00:00 UTC,7.801871239726162e-06,0.0,98053.06492391482
2020-08-03 00:00:00 UTC,7.516706680868901e-06,0.0,119647.48602970935
2020-08-04 00:00:00 UTC,7.634543934131514e-06,0.0,67363.09729213972
2020-08-05 00:00:00 UTC,7.900778225711223e-06,0.0,65605.29845640641
2020-08-06 00:00:00 UTC,8.970749732760033e-06,0.0,143876.99444034643
2020-08-07 00:00:00 UTC,8.230795501115783e-06,0.0,150931.2305673557
2020-08-08 00:00:00 UTC,8.333878543455846e-06,0.0,74577.40540439732
2020-08-09 00:00:00 UTC,8.55947180747948e-06,0.0,67096.47264051484
2020-08-10 00:00:00 UTC,1.2295619084551694e-05,0.0,356889.65336801455
2020-08-11 00:00:00 UTC,1.6358650785345567e-05,0.0,438805.64690648374
2020-08-12 00:00:00 UTC,1.5636111206502605e-05,0.0,416897.9772216328
2020-08-13 00:00:00 UTC,1.407529146220105e-05,0.0,262927.45751030924
2020-08-14 00:00:00 UTC,1.3405490162909411e-05,0.0,185058.31058434144
2020-08-15 00:00:00 UTC,1.4624793270235501e-05,0.0,119533.38558742999
2020-08-16 00:00:00 UTC,1.3799389469794556e-05,0.0,131111.2521182638
2020-08-17 00:00:00 UTC,1.3156953985551829e-05,0.0,83372.96342212081
2020-08-18 00:00:00 UTC,1.4189747167977719e-05,0.0,200324.58991956996
2020-08-19 00:00:00 UTC,1.5026227402857797e-05,0.0,290124.54733795143
2020-08-20 00:00:00 UTC,1.3605408854356152e-05,0.0,191263.0411281796
2020-08-21 00:00:00 UTC,1.355147693464688e-05,0.0,134871.97672196868
2020-08-22 00:00:00 UTC,1.2407827152716007e-05,0.0,123442.54508498321
2020-08-23 00:00:00 UTC,1.3164956655510803e-05,0.0,100438.99776082381
2020-08-24 00:00:00 UTC,1.3137633991472974e-05,0.0,113999.37586390527
2020-08-25 00:00:00 UTC,1.273499742703574e-05,0.0,159401.5868207791
2020-08-26 00:00:00 UTC,1.138562807334303e-05,0.0,167897.3186704972
2020-08-27 00:00:00 UTC,1.200689952378057e-05,0.0,120516.90945755977
2020-08-28 00:00:00 UTC,1.1301732588462188e-05,0.0,119438.52634201468
2020-08-29 00:00:00 UTC,1.1543172740342166e-05,0.0,108975.6312045927
2020-08-30 00:00:00 UTC,1.1202588058936528e-05,0.0,97339.71603701521
2020-08-31 00:00:00 UTC,1.100737765279302e-05,0.0,114203.07682785974
2020-09-01 00:00:00 UTC,1.0396122029178923e-05,0.0,131878.17878972835
2020-09-02 00:00:00 UTC,1.0454981456811965e-05,0.0,140381.3141733481
2020-09-03 00:00:00 UTC,1.0023062106608905e-05,0.0,131734.20246049706
2020-09-04 00:00:00 UTC,9.690053284686266e-06,0.0,143407.07808551483
2020-09-05 00:00:00 UTC,8.846544022322213e-06,0.0,117124.3188910844
2020-09-06 00:00:00 UTC,8.856158767769886e-06,0.0,135177.06797896244
2020-09-07 00:00:00 UTC,8.449271049432437e-06,0.0,53325.73367521756
2020-09-08 00:00:00 UTC,8.956086165207067e-06,0.0,59516.36081158413
2020-09-09 00:00:00 UTC,9.028011213428178e-06,0.0,64906.027276622175
2020-09-10 00:00:00 UTC,9.477494798563085e-06,0.0,45879.20504549198
2020-09-11 00:00:00 UTC,1.0009555987915367e-05,0.0,53023.8609954394
2020-09-12 00:00:00 UTC,9.641924717330022e-06,0.0,44484.96616693923
2020-09-13 00:00:00 UTC,9.798869445876043e-06,0.0,39279.4282694645
2020-09-14 00:00:00 UTC,9.74596393759745e-06,0.0,52336.312993556574
2020-09-15 00:00:00 UTC,9.68315851845793e-06,0.0,59567.029409964765
2020-09-16 00:00:00 UTC,9.195744064988826e-06,0.0,48180.64841521303
2020-09-17 00:00:00 UTC,9.36296665268111e-06,0.0,96709.78192992887
2020-09-18 00:00:00 UTC,9.356692621124017e-06,0.0,32037.3548175657
2020-09-19 00:00:00 UTC,9.112037467695693e-06,0.0,26503.666723772687
2020-09-20 00:00:00 UTC,9.400805601475599e-06,0.0,20712.70741070767
2020-09-21 00:00:00 UTC,8.50820995421605e-06,0.0,16426.36745177884
2020-09-22 00:00:00 UTC,8.793465598908288e-06,0.0,31830.707621115842
2020-09-23 00:00:00 UTC,8.671180193084465e-06,0.0,33962.39001636522
2020-09-24 00:00:00 UTC,7.985646148171542e-06,0.0,20465.549291747568
2020-09-25 00:00:00 UTC,8.33626683138821e-06,0.0,42582.67635828062
2020-09-26 00:00:00 UTC,7.67924871205563e-06,0.0,90746.08134616875
2020-09-27 00:00:00 UTC,8.174342564293431e-06,0.0,19837.16996661391
2020-09-28 00:00:00 UTC,8.258357333659247e-06,0.0,24508.669941879256
2020-09-29 00:00:00 UTC,7.692580216915055e-06,0.0,26939.72827039091
2020-09-30 00:00:00 UTC,7.3341933053293186e-06,0.0,35882.57135043676
2020-10-01 00:00:00 UTC,6.70517073376032e-06,0.0,92232.10821093587
2020-10-02 00:00:00 UTC,6.0196029991211125e-06,0.0,161152.06794712687
2020-10-03 00:00:00 UTC,4.924282542932411e-06,0.0,21926.941691996268
2020-10-04 00:00:00 UTC,4.958069723904306e-06,0.0,26931.311783279536
2020-10-05 00:00:00 UTC,4.490841462249514e-06,0.0,47138.37540921208
2020-10-06 00:00:00 UTC,5.2000822386725684e-06,0.0,23029.72363783518
2020-10-07 00:00:00 UTC,4.50864877380957e-06,0.0,18080.309669234823
2020-10-08 00:00:00 UTC,4.919271119137063e-06,0.0,17822.85088518307
2020-10-09 00:00:00 UTC,5.1205889550054324e-06,0.0,12953.213321819481
2020-10-10 00:00:00 UTC,5.36466091883516e-06,0.0,18642.665247666744
2020-10-11 00:00:00 UTC,5.073086152244288e-06,0.0,29181.076035165832
2020-10-12 00:00:00 UTC,4.834348382640497e-06,0.0,69296.9549190522
2020-10-13 00:00:00 UTC,5.026144897560977e-06,0.0,11368.246503541592
2020-10-14 00:00:00 UTC,4.566193443887583e-06,0.0,10143.593869170421
2020-10-15 00:00:00 UTC,4.555399047687225e-06,0.0,6901.885679537223
2020-10-16 00:00:00 UTC,4.177154898394766e-06,0.0,18004.397570094483
2020-10-17 00:00:00 UTC,4.404590351033795e-06,0.0,16892.51456195484
2020-10-18 00:00:00 UTC,4.946071644027537e-06,0.0,20158.826439853463
2020-10-19 00:00:00 UTC,4.734752316157892e-06,0.0,12832.62139468028
2020-10-20 00:00:00 UTC,4.658547328982835e-06,0.0,29453.00270612955
2020-10-21 00:00:00 UTC,9.48791588214691e-06,0.0,282840.12437997054
2020-10-22 00:00:00 UTC,1.169799345069529e-05,0.0,177279.12342221686
2020-10-23 00:00:00 UTC,1.5251791486681854e-05,0.0,172952.89306830498
2020-10-24 00:00:00 UTC,1.6029983579515278e-05,0.0,279907.4449064695
2020-10-25 00:00:00 UTC,2.0069985341488588e-05,0.0,335411.9112724847
2020-10-26 00:00:00 UTC,2.1669737158343802e-05,0.0,224437.7541833526
2020-10-27 00:00:00 UTC,3.588972764304195e-05,0.0,1022167.7002055408
2020-10-28 00:00:00 UTC,2.3262073391269138e-05,0.0,558711.7949537451
2020-10-29 00:00:00 UTC,2.422333295722529e-05,0.0,301551.6265358961
2020-10-30 00:00:00 UTC,2.3565680275275244e-05,0.0,198369.3577471677
2020-10-31 00:00:00 UTC,2.291520022930686e-05,0.0,198634.4198628919
2020-11-01 00:00:00 UTC,2.4660433257971523e-05,0.0,118314.88434697506
2020-11-02 00:00:00 UTC,2.573384359972444e-05,0.0,134965.40026575897
2020-11-03 00:00:00 UTC,2.314205943370015e-05,0.0,74980.41773878002
2020-11-04 00:00:00 UTC,2.367929022528742e-05,0.0,91478.68720796493
2020-11-05 00:00:00 UTC,2.4293641061966182e-05,0.0,79452.00379781844
2020-11-06 00:00:00 UTC,2.4676783090771968e-05,0.0,84757.87386538404
2020-11-07 00:00:00 UTC,2.4761336736417015e-05,0.0,123167.22759836222
2020-11-08 00:00:00 UTC,2.452255861934979e-05,0.0,163393.0704166197
2020-11-09 00:00:00 UTC,2.448961175008678e-05,0.0,85376.09583039256
2020-11-10 00:00:00 UTC,2.4569788472296498e-05,0.0,87045.67743483368
2020-11-11 00:00:00 UTC,2.4426800273990406e-05,0.0,94786.81340072368
2020-11-12 00:00:00 UTC,2.51684415108976e-05,0.0,90654.77357710911
2020-11-13 00:00:00 UTC,2.431894140039834e-05,0.0,70668.56663509335
2020-11-14 00:00:00 UTC,2.449349608310409e-05,0.0,90539.26417657084
2020-11-15 00:00:00 UTC,2.5037726290905223e-05,0.0,59618.202045941274
2020-11-16 00:00:00 UTC,2.5018319447906438e-05,0.0,72518.71900182583
2020-11-17 00:00:00 UTC,2.4580868501771628e-05,0.0,68588.04854864562
2020-11-18 00:00:00 UTC,2.401642487699992e-05,0.0,138950.29872657623
2020-11-19 00:00:00 UTC,2.345301404534603e-05,0.0,137103.1474267221
2020-11-20 00:00:00 UTC,2.3127168582362074e-05,0.0,99842.80492939228
2020-11-21 00:00:00 UTC,2.309156037365875e-05,0.0,77768.85117914455
2020-11-22 00:00:00 UTC,2.1952229148074718e-05,0.0,131990.06895395776
2020-11-23 00:00:00 UTC,2.165098942572492e-05,0.0,148641.54054063826
2020-11-24 00:00:00 UTC,1.9920521445491996e-05,0.0,235872.92122828632
2020-11-25 00:00:00 UTC,1.831640849173243e-05,0.0,183556.11489760544
2020-11-26 00:00:00 UTC,1.802320406944876e-05,0.0,116907.4836583253
2020-11-27 00:00:00 UTC,1.8510146471309505e-05,0.0,108588.88409186646
2020-11-28 00:00:00 UTC,2.711956635530055e-05,0.0,416587.5212205268
2020-11-29 00:00:00 UTC,2.5370224278418173e-05,0.0,339917.8793259923
2020-11-30 00:00:00 UTC,2.1768466057255728e-05,0.0,96853.83202148559
2020-12-01 00:00:00 UTC,2.3934651720502636e-05,0.0,146654.81110308724
2020-12-02 00:00:00 UTC,3.05639415262623e-05,0.0,367523.479489775
2020-12-03 00:00:00 UTC,3.1888742919806474e-05,0.0,205035.42343780905
2020-12-04 00:00:00 UTC,3.3884593945779884e-05,0.0,259107.7769259899
2020-12-05 00:00:00 UTC,3.129724861593206e-05,0.0,194271.30854732584
2020-12-06 00:00:00 UTC,3.309946812832504e-05,0.0,180282.65719226268
2020-12-07 00:00:00 UTC,3.341752063871197e-05,0.0,135039.04614563315
2020-12-08 00:00:00 UTC,3.570334351834249e-05,0.0,196006.88695624674
2020-12-09 00:00:00 UTC,3.393656782610726e-05,0.0,106252.22514151274
2020-12-10 00:00:00 UTC,3.288682352398978e-05,0.0,168265.19523527904
2020-12-11 00:00:00 UTC,3.384122341880363e-05,0.0,127968.75893665054
2020-12-12 00:00:00 UTC,3.183931812206502e-05,0.0,138908.2785628152
2020-12-13 00:00:00 UTC,3.4786025055026144e-05,0.0,157877.0743282268
2020-12-14 00:00:00 UTC,3.600266525521463e-05,0.0,106329.78887766825
2020-12-15 00:00:00 UTC,3.552632452682275e-05,0.0,117279.77259340843
2020-12-16 00:00:00 UTC,3.737204866965828e-05,0.0,135040.7897651077
2020-12-17 00:00:00 UTC,3.642651437447998e-05,0.0,127451.47805013333
2020-12-18 00:00:00 UTC,3.592299420595866e-05,0.0,178762.33230730437
2020-12-19 00:00:00 UTC,3.635116468360488e-05,0.0,110218.30720890334
2020-12-20 00:00:00 UTC,3.726129235001664e-05,0.0,132377.84212544042
2020-12-21 00:00:00 UTC,4.88610674965327e-05,0.0,230298.78704904852
2020-12-22 00:00:00 UTC,4.632750130368177e-05,0.0,291788.2430051641
2020-12-23 00:00:00 UTC,5.956511220633317e-05,0.0,452869.2891163644
2020-12-24 00:00:00 UTC,7.476375496353716e-05,0.0,712557.0122951895
2020-12-25 00:00:00 UTC,6.904229195426864e-05,0.0,639514.990936099
2020-12-26 00:00:00 UTC,6.66802521223804e-05,0.0,159545.42612090614
2020-12-27 00:00:00 UTC,6.703748111991954e-05,0.0,122997.06386931425
2020-12-28 00:00:00 UTC,5.780651125926565e-05,0.0,342343.72036005935
2020-12-29 00:00:00 UTC,6.323081318618444e-05,0.0,158062.09975555493
2020-12-30 00:00:00 UTC,5.894530401077099e-05,0.0,184332.470202876
2020-12-31 00:00:00 UTC,6.0323651133643685e-05,0.0,135343.44520788992
2021-01-01 00:00:00 UTC,6.884285482075718e-05,0.0,251969.4595326488
2021-01-02 00:00:00 UTC,7.089763378416097e-05,0.0,204546.35043243598
2021-01-03 00:00:00 UTC,5.6232187338638525e-05,0.0,268590.42779139144
2021-01-04 00:00:00 UTC,5.599001638900915e-05,0.0,236930.98694811243
2021-01-05 00:00:00 UTC,5.5591726903733654e-05,0.0,260873.97757190675
2021-01-06 00:00:00 UTC,5.8870128497070715e-05,0.0,164556.43328893546
2021-01-07 00:00:00 UTC,6.008306035509944e-05,0.0,191720.45868005676
2021-01-08 00:00:00 UTC,6.520794614416424e-05,0.0,249872.57529976658
2021-01-09 00:00:00 UTC,6.368506031489976e-05,0.0,260540.34295642425
2021-01-10 00:00:00 UTC,6.607294449643586e-05,0.0,204836.8284381007
2021-01-11 00:00:00 UTC,6.214050326686244e-05,0.0,252038.1067070415
2021-01-12 00:00:00 UTC,5.625917621782347e-05,0.0,224830.39557569087
2021-01-13 00:00:00 UTC,5.334930236294794e-05,0.0,154866.41747963423
2021-01-14 00:00:00 UTC,5.5143129546165784e-05,0.0,156707.9246542082
2021-01-15 00:00:00 UTC,5.129555330676731e-05,0.0,130584.08197854753
2021-01-16 00:00:00 UTC,5.0705851476277625e-05,0.0,221632.68625954102
2021-01-17 00:00:00 UTC,4.34279764042687e-05,0.0,124815.13422357778
2021-01-18 00:00:00 UTC,4.2699504767527336e-05,0.0,73648.0572202959
2021-01-19 00:00:00 UTC,4.1682493065396805e-05,0.0,154386.49971330113
2021-01-20 00:00:00 UTC,4.864999485148861e-05,0.0,137880.18851675806
2021-01-21 00:00:00 UTC,4.4061183392123614e-05,0.0,63548.91588400872
2021-01-22 00:00:00 UTC,4.4240401115543846e-05,0.0,105141.85159163026
2021-01-23 00:00:00 UTC,4.831656911358188e-05,0.0,88233.31113798806
2021-01-24 00:00:00 UTC,4.6671789886637544e-05,0.0,95348.48918161978
2021-01-25 00:00:00 UTC,4.9442884935733536e-05,0.0,117957.03072159669
2021-01-26 00:00:00 UTC,4.251684624430717e-05,0.0,59081.98634819658
2021-01-27 00:00:00 UTC,4.844582458377779e-05,0.0,129844.02521791252
2021-01-28 00:00:00 UTC,4.7489160085564514e-05,0.0,97431.49794841585
2021-01-29 00:00:00 UTC,4.280641686956769e-05,0.0,80863.38905745641
2021-01-30 00:00:00 UTC,4.011581726604307e-05,0.0,197445.43371285472
2021-01-31 00:00:00 UTC,4.007068892131166e-05,0.0,137397.5366727335
2021-02-01 00:00:00 UTC,5.003266959989154e-05,0.0,298391.73485954065
2021-02-02 00:00:00 UTC,5.672036749781814e-05,0.0,336158.5549022499
2021-02-03 00:00:00 UTC,5.9987859530141343e-05,0.0,234955.79914594893
2021-02-04 00:00:00 UTC,5.4115926555280586e-05,0.0,217502.24313651372
2021-02-05 00:00:00 UTC,5.240123901501364e-05,0.0,144323.06085051695
2021-02-06 00:00:00 UTC,5.533371417880868e-05,0.0,186064.14496262785
2021-02-07 00:00:00 UTC,5.187254676936569e-05,0.0,128508.79181055696
2021-02-08 00:00:00 UTC,4.817659852090355e-05,0.0,169945.74039313968
2021-02-09 00:00:00 UTC,4.561033702728545e-05,0.0,127818.73624792315
2021-02-10 00:00:00 UTC,5.1081712558957166e-05,0.0,260747.32027225674
2021-02-11 00:00:00 UTC,5.913241464587625e-05,0.0,427381.35673947143
2021-02-12 00:00:00 UTC,5.898847983134522e-05,0.0,221427.746795354
2021-02-13 00:00:00 UTC,6.259246630063593e-05,0.0,273462.44072707713
2021-02-14 00:00:00 UTC,0.00010421710414001308,0.0,761897.7783376452
2021-02-15 00:00:00 UTC,8.327211595788774e-05,0.0,787746.5508346071
2021-02-16 00:00:00 UTC,8.240311387109334e-05,0.0,344904.1832622248
2021-02-17 00:00:00 UTC,7.715691499366927e-05,0.0,394214.5394050624
2021-02-18 00:00:00 UTC,7.887425884002842e-05,0.0,249787.58906009732
2021-02-19 00:00:00 UTC,8.079286648038841e-05,0.0,368735.17192726955
2021-02-20 00:00:00 UTC,7.416520989358856e-05,0.0,271613.4071258463
2021-02-21 00:00:00 UTC,8.551529587157149e-05,0.0,365969.0741339642
2021-02-22 00:00:00 UTC,8.466561086506028e-05,0.0,536346.8595212267
2021-02-23 00:00:00 UTC,8.200551228716276e-05,0.0,541088.2043768952
2021-02-24 00:00:00 UTC,0.00011550642443441901,0.0,2429394.113024136
2021-02-25 00:00:00 UTC,0.00011661189906552086,0.0,2385934.3087313077
2021-02-26 00:00:00 UTC,9.421534226963618e-05,0.0,1006430.9562736093
2021-02-27 00:00:00 UTC,9.377406383407781e-05,0.0,583938.3991360473
2021-02-28 00:00:00 UTC,9.460874802989874e-05,0.0,612752.594191538
2021-03-01 00:00:00 UTC,9.099027157298245e-05,0.0,565118.0745828061
2021-03-02 00:00:00 UTC,9.86370907600089e-05,0.0,475846.19335732725
2021-03-03 00:00:00 UTC,0.00010145719334792067,0.0,600220.7726138427
2021-03-04 00:00:00 UTC,0.00010449156721476097,0.0,751636.0740570505
2021-03-05 00:00:00 UTC,9.97531419318459e-05,0.0,419992.4614466039
2021-03-06 00:00:00 UTC,9.060885685854748e-05,0.0,599574.1504247988
2021-03-07 00:00:00 UTC,9.153908121724916e-05,0.0,456370.8245714835
2021-03-08 00:00:00 UTC,9.031395067095655e-05,0.0,405972.504324966
2021-03-09 00:00:00 UTC,0.00010054815053614477,0.0,609605.014109551
2021-03-10 00:00:00 UTC,0.00010028645305944214,0.0,687708.832476164
2021-03-11 00:00:00 UTC,9.378152245272132e-05,0.0,474283.0967369956
2021-03-12 00:00:00 UTC,9.407015857280471e-05,0.0,344170.29120552307
2021-03-13 00:00:00 UTC,9.54297127102034e-05,0.0,398455.2690728003
2021-03-14 00:00:00 UTC,0.00010208061475573027,0.0,659209.4315503432
