Date,BITW100
Sun Jan 01 2017 00:00:00 GMT+0000,964
Mon Jan 02 2017 00:00:00 GMT+0000,996
Tue Jan 03 2017 00:00:00 GMT+0000,1019.82
Wed Jan 04 2017 00:00:00 GMT+0000,1047.76
Thu Jan 05 2017 00:00:00 GMT+0000,1163.81
Fri Jan 06 2017 00:00:00 GMT+0000,1025.04
Sat Jan 07 2017 00:00:00 GMT+0000,921.47
Sun Jan 08 2017 00:00:00 GMT+0000,922.96
Mon Jan 09 2017 00:00:00 GMT+0000,929.99
Tue Jan 10 2017 00:00:00 GMT+0000,921.25
Wed Jan 11 2017 00:00:00 GMT+0000,929.77
Thu Jan 12 2017 00:00:00 GMT+0000,799.74
Fri Jan 13 2017 00:00:00 GMT+0000,828.02
Sat Jan 14 2017 00:00:00 GMT+0000,846.45
Sun Jan 15 2017 00:00:00 GMT+0000,841.4
Mon Jan 16 2017 00:00:00 GMT+0000,844.95
Tue Jan 17 2017 00:00:00 GMT+0000,853
Wed Jan 18 2017 00:00:00 GMT+0000,927.68
Thu Jan 19 2017 00:00:00 GMT+0000,907.89
Fri Jan 20 2017 00:00:00 GMT+0000,918.9
Sat Jan 21 2017 00:00:00 GMT+0000,917.33
Sun Jan 22 2017 00:00:00 GMT+0000,943.22
Mon Jan 23 2017 00:00:00 GMT+0000,944.95
Tue Jan 24 2017 00:00:00 GMT+0000,932.25
Wed Jan 25 2017 00:00:00 GMT+0000,912.63
Thu Jan 26 2017 00:00:00 GMT+0000,921.53
Fri Jan 27 2017 00:00:00 GMT+0000,937.7
Sat Jan 28 2017 00:00:00 GMT+0000,938.55
Sun Jan 29 2017 00:00:00 GMT+0000,942.09
Mon Jan 30 2017 00:00:00 GMT+0000,941.11
Tue Jan 31 2017 00:00:00 GMT+0000,943.66
Wed Feb 01 2017 00:00:00 GMT+0000,988.57
Thu Feb 02 2017 00:00:00 GMT+0000,1005.98
Fri Feb 03 2017 00:00:00 GMT+0000,1025.78
Sat Feb 04 2017 00:00:00 GMT+0000,1045.92
Sun Feb 05 2017 00:00:00 GMT+0000,1058.39
Mon Feb 06 2017 00:00:00 GMT+0000,1043.84
Tue Feb 07 2017 00:00:00 GMT+0000,1055.41
Wed Feb 08 2017 00:00:00 GMT+0000,1075.34
Thu Feb 09 2017 00:00:00 GMT+0000,1076.86
Fri Feb 10 2017 00:00:00 GMT+0000,1009.78
Sat Feb 11 2017 00:00:00 GMT+0000,1004.55
Sun Feb 12 2017 00:00:00 GMT+0000,1019.02
Mon Feb 13 2017 00:00:00 GMT+0000,1014.9
Tue Feb 14 2017 00:00:00 GMT+0000,1007.05
Wed Feb 15 2017 00:00:00 GMT+0000,1031.19
Thu Feb 16 2017 00:00:00 GMT+0000,1033.13
Fri Feb 17 2017 00:00:00 GMT+0000,1047.64
Sat Feb 18 2017 00:00:00 GMT+0000,1067.59
Sun Feb 19 2017 00:00:00 GMT+0000,1071.61
Mon Feb 20 2017 00:00:00 GMT+0000,1066.83
Tue Feb 21 2017 00:00:00 GMT+0000,1089.44
Wed Feb 22 2017 00:00:00 GMT+0000,1120.88
Thu Feb 23 2017 00:00:00 GMT+0000,1123.58
Fri Feb 24 2017 00:00:00 GMT+0000,1177.82
Sat Feb 25 2017 00:00:00 GMT+0000,1173.47
Sun Feb 26 2017 00:00:00 GMT+0000,1152.79
Mon Feb 27 2017 00:00:00 GMT+0000,1175.93
Tue Feb 28 2017 00:00:00 GMT+0000,1195.14
Wed Mar 01 2017 00:00:00 GMT+0000,1198.9
Thu Mar 02 2017 00:00:00 GMT+0000,1252.18
Fri Mar 03 2017 00:00:00 GMT+0000,1287.13
Sat Mar 04 2017 00:00:00 GMT+0000,1317
Sun Mar 05 2017 00:00:00 GMT+0000,1289.12
Mon Mar 06 2017 00:00:00 GMT+0000,1306.19
Tue Mar 07 2017 00:00:00 GMT+0000,1315.81
Wed Mar 08 2017 00:00:00 GMT+0000,1266.47
Thu Mar 09 2017 00:00:00 GMT+0000,1185.72
Fri Mar 10 2017 00:00:00 GMT+0000,1232.06
Sat Mar 11 2017 00:00:00 GMT+0000,1174.35
Sun Mar 12 2017 00:00:00 GMT+0000,1255.47
Mon Mar 13 2017 00:00:00 GMT+0000,1311.03
Tue Mar 14 2017 00:00:00 GMT+0000,1350.79
Wed Mar 15 2017 00:00:00 GMT+0000,1366.78
Thu Mar 16 2017 00:00:00 GMT+0000,1417.49
Fri Mar 17 2017 00:00:00 GMT+0000,1409.41
Sat Mar 18 2017 00:00:00 GMT+0000,1346.03
Sun Mar 19 2017 00:00:00 GMT+0000,1185.55
Mon Mar 20 2017 00:00:00 GMT+0000,1293.55
Tue Mar 21 2017 00:00:00 GMT+0000,1299.33
Wed Mar 22 2017 00:00:00 GMT+0000,1354.42
Thu Mar 23 2017 00:00:00 GMT+0000,1294.58
Fri Mar 24 2017 00:00:00 GMT+0000,1298.19
Sat Mar 25 2017 00:00:00 GMT+0000,1251.97
Sun Mar 26 2017 00:00:00 GMT+0000,1265.04
Mon Mar 27 2017 00:00:00 GMT+0000,1268.94
Tue Mar 28 2017 00:00:00 GMT+0000,1318.17
Wed Mar 29 2017 00:00:00 GMT+0000,1331.13
Thu Mar 30 2017 00:00:00 GMT+0000,1341.08
Fri Mar 31 2017 00:00:00 GMT+0000,1340.89
Sat Apr 01 2017 00:00:00 GMT+0000,1393.17
Sun Apr 02 2017 00:00:00 GMT+0000,1405.35
Mon Apr 03 2017 00:00:00 GMT+0000,1510.77
Tue Apr 04 2017 00:00:00 GMT+0000,1458.19
Wed Apr 05 2017 00:00:00 GMT+0000,1467.64
Thu Apr 06 2017 00:00:00 GMT+0000,1472.48
Fri Apr 07 2017 00:00:00 GMT+0000,1489.17
Sat Apr 08 2017 00:00:00 GMT+0000,1483.39
Sun Apr 09 2017 00:00:00 GMT+0000,1505.02
Mon Apr 10 2017 00:00:00 GMT+0000,1497.74
Tue Apr 11 2017 00:00:00 GMT+0000,1499.34
Wed Apr 12 2017 00:00:00 GMT+0000,1511.73
Thu Apr 13 2017 00:00:00 GMT+0000,1541.82
Fri Apr 14 2017 00:00:00 GMT+0000,1534.62
Sat Apr 15 2017 00:00:00 GMT+0000,1518.46
Sun Apr 16 2017 00:00:00 GMT+0000,1543.54
Mon Apr 17 2017 00:00:00 GMT+0000,1550.91
Tue Apr 18 2017 00:00:00 GMT+0000,1560.7
Wed Apr 19 2017 00:00:00 GMT+0000,1591.14
Thu Apr 20 2017 00:00:00 GMT+0000,1569.99
Fri Apr 21 2017 00:00:00 GMT+0000,1589.17
Sat Apr 22 2017 00:00:00 GMT+0000,1590.95
Sun Apr 23 2017 00:00:00 GMT+0000,1605.11
Mon Apr 24 2017 00:00:00 GMT+0000,1588.51
Tue Apr 25 2017 00:00:00 GMT+0000,1644.4
Wed Apr 26 2017 00:00:00 GMT+0000,1661.17
Thu Apr 27 2017 00:00:00 GMT+0000,1700.01
Fri Apr 28 2017 00:00:00 GMT+0000,1790.37
Sat Apr 29 2017 00:00:00 GMT+0000,1866.43
Sun Apr 30 2017 00:00:00 GMT+0000,1903.85
Mon May 01 2017 00:00:00 GMT+0000,1987.39
Tue May 02 2017 00:00:00 GMT+0000,2042.39
Wed May 03 2017 00:00:00 GMT+0000,2067.78
Thu May 04 2017 00:00:00 GMT+0000,2161.19
Fri May 05 2017 00:00:00 GMT+0000,2369.68
Sat May 06 2017 00:00:00 GMT+0000,2436.9
Sun May 07 2017 00:00:00 GMT+0000,2516.92
Mon May 08 2017 00:00:00 GMT+0000,2662.89
Tue May 09 2017 00:00:00 GMT+0000,2922.16
Wed May 10 2017 00:00:00 GMT+0000,2821.8
Thu May 11 2017 00:00:00 GMT+0000,2910.09
Fri May 12 2017 00:00:00 GMT+0000,2950.7
Sat May 13 2017 00:00:00 GMT+0000,2895.93
Sun May 14 2017 00:00:00 GMT+0000,3004.59
Mon May 15 2017 00:00:00 GMT+0000,3035.21
Tue May 16 2017 00:00:00 GMT+0000,3095.12
Wed May 17 2017 00:00:00 GMT+0000,3278.3
Thu May 18 2017 00:00:00 GMT+0000,3497.42
Fri May 19 2017 00:00:00 GMT+0000,3600.01
Sat May 20 2017 00:00:00 GMT+0000,3760.76
Sun May 21 2017 00:00:00 GMT+0000,3927.76
Mon May 22 2017 00:00:00 GMT+0000,4067.07
Tue May 23 2017 00:00:00 GMT+0000,4200.16
Wed May 24 2017 00:00:00 GMT+0000,4517.09
Thu May 25 2017 00:00:00 GMT+0000,4609.93
Fri May 26 2017 00:00:00 GMT+0000,4185.2
Sat May 27 2017 00:00:00 GMT+0000,3996.67
Sun May 28 2017 00:00:00 GMT+0000,3712.57
Mon May 29 2017 00:00:00 GMT+0000,3922.16
Tue May 30 2017 00:00:00 GMT+0000,4176.86
Wed May 31 2017 00:00:00 GMT+0000,4216.29
Thu Jun 01 2017 00:00:00 GMT+0000,4428.03
Fri Jun 02 2017 00:00:00 GMT+0000,4773.59
Sat Jun 03 2017 00:00:00 GMT+0000,4843.91
Sun Jun 04 2017 00:00:00 GMT+0000,4891.83
Mon Jun 05 2017 00:00:00 GMT+0000,4997.26
Tue Jun 06 2017 00:00:00 GMT+0000,5219.36
Wed Jun 07 2017 00:00:00 GMT+0000,5460.81
Thu Jun 08 2017 00:00:00 GMT+0000,5245.34
Fri Jun 09 2017 00:00:00 GMT+0000,5425.79
Sat Jun 10 2017 00:00:00 GMT+0000,5559.28
Sun Jun 11 2017 00:00:00 GMT+0000,5836.73
Mon Jun 12 2017 00:00:00 GMT+0000,5981.8
Tue Jun 13 2017 00:00:00 GMT+0000,5842.87
Wed Jun 14 2017 00:00:00 GMT+0000,5993.35
Thu Jun 15 2017 00:00:00 GMT+0000,5554.81
Fri Jun 16 2017 00:00:00 GMT+0000,5484.87
Sat Jun 17 2017 00:00:00 GMT+0000,5613.09
Sun Jun 18 2017 00:00:00 GMT+0000,5896.68
Mon Jun 19 2017 00:00:00 GMT+0000,5794.6
Tue Jun 20 2017 00:00:00 GMT+0000,5906.99
Wed Jun 21 2017 00:00:00 GMT+0000,5995.82
Thu Jun 22 2017 00:00:00 GMT+0000,5780.6
Fri Jun 23 2017 00:00:00 GMT+0000,5786.18
Sat Jun 24 2017 00:00:00 GMT+0000,5956.08
Sun Jun 25 2017 00:00:00 GMT+0000,5672.47
Mon Jun 26 2017 00:00:00 GMT+0000,5488.66
Tue Jun 27 2017 00:00:00 GMT+0000,5110.05
Wed Jun 28 2017 00:00:00 GMT+0000,5277.14
Thu Jun 29 2017 00:00:00 GMT+0000,5514.97
Fri Jun 30 2017 00:00:00 GMT+0000,5284.93
Sat Jul 01 2017 00:00:00 GMT+0000,5167.63
Sun Jul 02 2017 00:00:00 GMT+0000,4951.22
Mon Jul 03 2017 00:00:00 GMT+0000,5107.01
Tue Jul 04 2017 00:00:00 GMT+0000,5178.25
Wed Jul 05 2017 00:00:00 GMT+0000,5215.93
Thu Jul 06 2017 00:00:00 GMT+0000,5194.54
Fri Jul 07 2017 00:00:00 GMT+0000,5185.12
Sat Jul 08 2017 00:00:00 GMT+0000,4827.14
Sun Jul 09 2017 00:00:00 GMT+0000,4946.13
Mon Jul 10 2017 00:00:00 GMT+0000,4796.86
Tue Jul 11 2017 00:00:00 GMT+0000,4287.24
Wed Jul 12 2017 00:00:00 GMT+0000,4098.11
Thu Jul 13 2017 00:00:00 GMT+0000,4508.33
Fri Jul 14 2017 00:00:00 GMT+0000,4293.07
Sat Jul 15 2017 00:00:00 GMT+0000,4048.94
Sun Jul 16 2017 00:00:00 GMT+0000,3568.74
Mon Jul 17 2017 00:00:00 GMT+0000,3405.29
Tue Jul 18 2017 00:00:00 GMT+0000,4008.82
Wed Jul 19 2017 00:00:00 GMT+0000,4333.06
Thu Jul 20 2017 00:00:00 GMT+0000,4046.26
Fri Jul 21 2017 00:00:00 GMT+0000,4793.59
Sat Jul 22 2017 00:00:00 GMT+0000,4593.87
Sun Jul 23 2017 00:00:00 GMT+0000,4885.42
Mon Jul 24 2017 00:00:00 GMT+0000,4771.16
Tue Jul 25 2017 00:00:00 GMT+0000,4786.4
Wed Jul 26 2017 00:00:00 GMT+0000,4421.04
Thu Jul 27 2017 00:00:00 GMT+0000,4379.32
Fri Jul 28 2017 00:00:00 GMT+0000,4495.52
Sat Jul 29 2017 00:00:00 GMT+0000,4489.87
Sun Jul 30 2017 00:00:00 GMT+0000,4512.57
Mon Jul 31 2017 00:00:00 GMT+0000,4450.44
Tue Aug 01 2017 00:00:00 GMT+0000,4601.02
Wed Aug 02 2017 00:00:00 GMT+0000,4668.7
Thu Aug 03 2017 00:00:00 GMT+0000,4630.11
Fri Aug 04 2017 00:00:00 GMT+0000,4788.74
Sat Aug 05 2017 00:00:00 GMT+0000,4869.36
Sun Aug 06 2017 00:00:00 GMT+0000,5436.56
Mon Aug 07 2017 00:00:00 GMT+0000,5399.77
Tue Aug 08 2017 00:00:00 GMT+0000,5631.8
Wed Aug 09 2017 00:00:00 GMT+0000,5869.64
Thu Aug 10 2017 00:00:00 GMT+0000,5780.88
Fri Aug 11 2017 00:00:00 GMT+0000,5886.82
Sat Aug 12 2017 00:00:00 GMT+0000,6212.05
Sun Aug 13 2017 00:00:00 GMT+0000,6399.11
Mon Aug 14 2017 00:00:00 GMT+0000,6507.37
Tue Aug 15 2017 00:00:00 GMT+0000,6735.65
Wed Aug 16 2017 00:00:00 GMT+0000,6541.27
Thu Aug 17 2017 00:00:00 GMT+0000,6804.91
Fri Aug 18 2017 00:00:00 GMT+0000,6688.94
Sat Aug 19 2017 00:00:00 GMT+0000,6456.82
Sun Aug 20 2017 00:00:00 GMT+0000,6567.04
Mon Aug 21 2017 00:00:00 GMT+0000,6544.34
Tue Aug 22 2017 00:00:00 GMT+0000,6629.41
Wed Aug 23 2017 00:00:00 GMT+0000,6798.04
Thu Aug 24 2017 00:00:00 GMT+0000,6939.72
Fri Aug 25 2017 00:00:00 GMT+0000,7094.36
Sat Aug 26 2017 00:00:00 GMT+0000,7182.06
Sun Aug 27 2017 00:00:00 GMT+0000,7279.83
Mon Aug 28 2017 00:00:00 GMT+0000,7391
Tue Aug 29 2017 00:00:00 GMT+0000,7453.03
Wed Aug 30 2017 00:00:00 GMT+0000,7659.15
Thu Aug 31 2017 00:00:00 GMT+0000,7744.76
Fri Sep 01 2017 00:00:00 GMT+0000,8042.39
Sat Sep 02 2017 00:00:00 GMT+0000,8331.16
Sun Sep 03 2017 00:00:00 GMT+0000,7665.45
Mon Sep 04 2017 00:00:00 GMT+0000,7676.05
Tue Sep 05 2017 00:00:00 GMT+0000,6757.32
Wed Sep 06 2017 00:00:00 GMT+0000,7091.83
Thu Sep 07 2017 00:00:00 GMT+0000,7557.33
Fri Sep 08 2017 00:00:00 GMT+0000,7610.08
Sat Sep 09 2017 00:00:00 GMT+0000,6899.87
Sun Sep 10 2017 00:00:00 GMT+0000,6830.78
Mon Sep 11 2017 00:00:00 GMT+0000,6672.2
Tue Sep 12 2017 00:00:00 GMT+0000,6767.02
Wed Sep 13 2017 00:00:00 GMT+0000,6674.26
Thu Sep 14 2017 00:00:00 GMT+0000,6316.51
Fri Sep 15 2017 00:00:00 GMT+0000,4981.85
Sat Sep 16 2017 00:00:00 GMT+0000,5748.61
Sun Sep 17 2017 00:00:00 GMT+0000,5712.9
Mon Sep 18 2017 00:00:00 GMT+0000,5719.34
Tue Sep 19 2017 00:00:00 GMT+0000,6484.86
Wed Sep 20 2017 00:00:00 GMT+0000,6262.99
Thu Sep 21 2017 00:00:00 GMT+0000,6199.77
Fri Sep 22 2017 00:00:00 GMT+0000,5697.98
Sat Sep 23 2017 00:00:00 GMT+0000,5760.8
Sun Sep 24 2017 00:00:00 GMT+0000,6056.66
Mon Sep 25 2017 00:00:00 GMT+0000,5900.4
Tue Sep 26 2017 00:00:00 GMT+0000,6274.94
Wed Sep 27 2017 00:00:00 GMT+0000,6223.99
Thu Sep 28 2017 00:00:00 GMT+0000,6703.84
Fri Sep 29 2017 00:00:00 GMT+0000,6610.02
Sat Sep 30 2017 00:00:00 GMT+0000,6515.92
Sun Oct 01 2017 00:00:00 GMT+0000,6761.86
Mon Oct 02 2017 00:00:00 GMT+0000,6805.89
Tue Oct 03 2017 00:00:00 GMT+0000,6751.59
Wed Oct 04 2017 00:00:00 GMT+0000,6606.64
Thu Oct 05 2017 00:00:00 GMT+0000,6490.19
Fri Oct 06 2017 00:00:00 GMT+0000,6631.28
Sat Oct 07 2017 00:00:00 GMT+0000,6729.12
Sun Oct 08 2017 00:00:00 GMT+0000,6799.34
Mon Oct 09 2017 00:00:00 GMT+0000,6919.73
Tue Oct 10 2017 00:00:00 GMT+0000,6853.12
Wed Oct 11 2017 00:00:00 GMT+0000,6943.32
Thu Oct 12 2017 00:00:00 GMT+0000,7023.4
Fri Oct 13 2017 00:00:00 GMT+0000,7436.18
Sat Oct 14 2017 00:00:00 GMT+0000,7780.32
Sun Oct 15 2017 00:00:00 GMT+0000,7936.25
Mon Oct 16 2017 00:00:00 GMT+0000,7812.28
Tue Oct 17 2017 00:00:00 GMT+0000,7847.41
Wed Oct 18 2017 00:00:00 GMT+0000,7665.36
Thu Oct 19 2017 00:00:00 GMT+0000,7561.76
Fri Oct 20 2017 00:00:00 GMT+0000,7592.88
Sat Oct 21 2017 00:00:00 GMT+0000,7734.08
Sun Oct 22 2017 00:00:00 GMT+0000,7725.17
Mon Oct 23 2017 00:00:00 GMT+0000,7669.14
Tue Oct 24 2017 00:00:00 GMT+0000,7519.4
Wed Oct 25 2017 00:00:00 GMT+0000,7382.41
Thu Oct 26 2017 00:00:00 GMT+0000,7533.17
Fri Oct 27 2017 00:00:00 GMT+0000,7620.72
Sat Oct 28 2017 00:00:00 GMT+0000,7564.41
Sun Oct 29 2017 00:00:00 GMT+0000,7546.88
Mon Oct 30 2017 00:00:00 GMT+0000,7915.86
Tue Oct 31 2017 00:00:00 GMT+0000,7939.63
Wed Nov 01 2017 00:00:00 GMT+0000,8117.82
Thu Nov 02 2017 00:00:00 GMT+0000,8300.29
Fri Nov 03 2017 00:00:00 GMT+0000,8570.33
Sat Nov 04 2017 00:00:00 GMT+0000,8815.92
Sun Nov 05 2017 00:00:00 GMT+0000,8921.27
Mon Nov 06 2017 00:00:00 GMT+0000,8917.39
Tue Nov 07 2017 00:00:00 GMT+0000,8659.62
Wed Nov 08 2017 00:00:00 GMT+0000,8794.23
Thu Nov 09 2017 00:00:00 GMT+0000,9235.5
Fri Nov 10 2017 00:00:00 GMT+0000,9193.91
Sat Nov 11 2017 00:00:00 GMT+0000,8830.77
Sun Nov 12 2017 00:00:00 GMT+0000,9051.96
Mon Nov 13 2017 00:00:00 GMT+0000,8767.54
Tue Nov 14 2017 00:00:00 GMT+0000,9276.35
Wed Nov 15 2017 00:00:00 GMT+0000,9425.31
Thu Nov 16 2017 00:00:00 GMT+0000,9904.62
Fri Nov 17 2017 00:00:00 GMT+0000,10057.71
Sat Nov 18 2017 00:00:00 GMT+0000,10263.31
Sun Nov 19 2017 00:00:00 GMT+0000,10524.95
Mon Nov 20 2017 00:00:00 GMT+0000,10668.27
Tue Nov 21 2017 00:00:00 GMT+0000,10953.22
Wed Nov 22 2017 00:00:00 GMT+0000,10742.42
Thu Nov 23 2017 00:00:00 GMT+0000,11175.95
Fri Nov 24 2017 00:00:00 GMT+0000,11456.09
Sat Nov 25 2017 00:00:00 GMT+0000,11894.1
Sun Nov 26 2017 00:00:00 GMT+0000,12365.17
Mon Nov 27 2017 00:00:00 GMT+0000,12931.46
Tue Nov 28 2017 00:00:00 GMT+0000,13386.95
Wed Nov 29 2017 00:00:00 GMT+0000,13740.63
Thu Nov 30 2017 00:00:00 GMT+0000,12905.24
Fri Dec 01 2017 00:00:00 GMT+0000,13310.48
Sat Dec 02 2017 00:00:00 GMT+0000,14228.09
Sun Dec 03 2017 00:00:00 GMT+0000,14310.78
Mon Dec 04 2017 00:00:00 GMT+0000,14685.52
Tue Dec 05 2017 00:00:00 GMT+0000,15252.15
Wed Dec 06 2017 00:00:00 GMT+0000,15476.25
Thu Dec 07 2017 00:00:00 GMT+0000,16911.17
Fri Dec 08 2017 00:00:00 GMT+0000,19256.88
Sat Dec 09 2017 00:00:00 GMT+0000,19076.19
Sun Dec 10 2017 00:00:00 GMT+0000,18014.16
Mon Dec 11 2017 00:00:00 GMT+0000,17711.1
Tue Dec 12 2017 00:00:00 GMT+0000,19752.52
Wed Dec 13 2017 00:00:00 GMT+0000,21801.06
Thu Dec 14 2017 00:00:00 GMT+0000,21388.07
Fri Dec 15 2017 00:00:00 GMT+0000,22939.36
Sat Dec 16 2017 00:00:00 GMT+0000,23417.54
Sun Dec 17 2017 00:00:00 GMT+0000,24992.75
Mon Dec 18 2017 00:00:00 GMT+0000,25234.67
Tue Dec 19 2017 00:00:00 GMT+0000,26636.51
Wed Dec 20 2017 00:00:00 GMT+0000,26605.25
Thu Dec 21 2017 00:00:00 GMT+0000,27033.02
Fri Dec 22 2017 00:00:00 GMT+0000,26795.06
Sat Dec 23 2017 00:00:00 GMT+0000,23061.98
Sun Dec 24 2017 00:00:00 GMT+0000,24780.75
Mon Dec 25 2017 00:00:00 GMT+0000,23516.43
Tue Dec 26 2017 00:00:00 GMT+0000,24095.05
Wed Dec 27 2017 00:00:00 GMT+0000,26068.62
Thu Dec 28 2017 00:00:00 GMT+0000,25982.33
Fri Dec 29 2017 00:00:00 GMT+0000,24667.27
Sat Dec 30 2017 00:00:00 GMT+0000,26762.96
Sun Dec 31 2017 00:00:00 GMT+0000,24177.32
Mon Jan 01 2018 00:00:00 GMT+0000,26323.73
Tue Jan 02 2018 00:00:00 GMT+0000,26378.36
Wed Jan 03 2018 00:00:00 GMT+0000,28729.58
Thu Jan 04 2018 00:00:00 GMT+0000,31423.55
Fri Jan 05 2018 00:00:00 GMT+0000,31643.76
Sat Jan 06 2018 00:00:00 GMT+0000,32603.08
Sun Jan 07 2018 00:00:00 GMT+0000,34027.35
Mon Jan 08 2018 00:00:00 GMT+0000,34497.59
Tue Jan 09 2018 00:00:00 GMT+0000,30321.63
Wed Jan 10 2018 00:00:00 GMT+0000,29895.45
Thu Jan 11 2018 00:00:00 GMT+0000,30017.96
Fri Jan 12 2018 00:00:00 GMT+0000,27336.21
Sat Jan 13 2018 00:00:00 GMT+0000,29200.08
Sun Jan 14 2018 00:00:00 GMT+0000,30534.28
Mon Jan 15 2018 00:00:00 GMT+0000,29150.22
Tue Jan 16 2018 00:00:00 GMT+0000,28236.15
Wed Jan 17 2018 00:00:00 GMT+0000,22128.66
Thu Jan 18 2018 00:00:00 GMT+0000,22202.42
Fri Jan 19 2018 00:00:00 GMT+0000,23125.25
Sat Jan 20 2018 00:00:00 GMT+0000,23564.35
Sun Jan 21 2018 00:00:00 GMT+0000,25761.58
Mon Jan 22 2018 00:00:00 GMT+0000,23034.48
Tue Jan 23 2018 00:00:00 GMT+0000,21733.92
Wed Jan 24 2018 00:00:00 GMT+0000,21624.17
Thu Jan 25 2018 00:00:00 GMT+0000,22708.93
Fri Jan 26 2018 00:00:00 GMT+0000,22404.38
Sat Jan 27 2018 00:00:00 GMT+0000,22075.21
Sun Jan 28 2018 00:00:00 GMT+0000,22724.66
Mon Jan 29 2018 00:00:00 GMT+0000,24213.22
Tue Jan 30 2018 00:00:00 GMT+0000,23249.4
Wed Jan 31 2018 00:00:00 GMT+0000,20495.22
Thu Feb 01 2018 00:00:00 GMT+0000,21046.88
Fri Feb 02 2018 00:00:00 GMT+0000,18516.42
Sat Feb 03 2018 00:00:00 GMT+0000,17317.1
Sun Feb 04 2018 00:00:00 GMT+0000,18134.05
Mon Feb 05 2018 00:00:00 GMT+0000,16101.58
Tue Feb 06 2018 00:00:00 GMT+0000,13500.44
Wed Feb 07 2018 00:00:00 GMT+0000,15112.76
Thu Feb 08 2018 00:00:00 GMT+0000,14633.35
Fri Feb 09 2018 00:00:00 GMT+0000,16161.54
Sat Feb 10 2018 00:00:00 GMT+0000,17515.75
Sun Feb 11 2018 00:00:00 GMT+0000,17399.85
Mon Feb 12 2018 00:00:00 GMT+0000,16448.74
Tue Feb 13 2018 00:00:00 GMT+0000,17759.23
Wed Feb 14 2018 00:00:00 GMT+0000,17187.35
Thu Feb 15 2018 00:00:00 GMT+0000,19058.16
Fri Feb 16 2018 00:00:00 GMT+0000,19759.17
Sat Feb 17 2018 00:00:00 GMT+0000,20078.46
Sun Feb 18 2018 00:00:00 GMT+0000,21190.18
Mon Feb 19 2018 00:00:00 GMT+0000,19933.52
Tue Feb 20 2018 00:00:00 GMT+0000,20851.27
Wed Feb 21 2018 00:00:00 GMT+0000,20204.96
Thu Feb 22 2018 00:00:00 GMT+0000,19006.87
Fri Feb 23 2018 00:00:00 GMT+0000,17747.4
Sat Feb 24 2018 00:00:00 GMT+0000,18636.48
Sun Feb 25 2018 00:00:00 GMT+0000,17860.96
Mon Feb 26 2018 00:00:00 GMT+0000,17799.97
Tue Feb 27 2018 00:00:00 GMT+0000,18713.64
Wed Feb 28 2018 00:00:00 GMT+0000,18962.17
Thu Mar 01 2018 00:00:00 GMT+0000,18265.6
Fri Mar 02 2018 00:00:00 GMT+0000,19016.79
Sat Mar 03 2018 00:00:00 GMT+0000,18924.93
Sun Mar 04 2018 00:00:00 GMT+0000,19168.92
Mon Mar 05 2018 00:00:00 GMT+0000,19521.16
Tue Mar 06 2018 00:00:00 GMT+0000,19187.78
Wed Mar 07 2018 00:00:00 GMT+0000,18123.71
Thu Mar 08 2018 00:00:00 GMT+0000,16726.21
Fri Mar 09 2018 00:00:00 GMT+0000,15751.07
Sat Mar 10 2018 00:00:00 GMT+0000,15981.27
Sun Mar 11 2018 00:00:00 GMT+0000,15026.4
Mon Mar 12 2018 00:00:00 GMT+0000,16148.74
Tue Mar 13 2018 00:00:00 GMT+0000,15407.61
Wed Mar 14 2018 00:00:00 GMT+0000,15400.88
Thu Mar 15 2018 00:00:00 GMT+0000,13729.52
Fri Mar 16 2018 00:00:00 GMT+0000,13690.2
Sat Mar 17 2018 00:00:00 GMT+0000,13611.88
Sun Mar 18 2018 00:00:00 GMT+0000,12705.92
Mon Mar 19 2018 00:00:00 GMT+0000,13182.41
Tue Mar 20 2018 00:00:00 GMT+0000,13879.19
Wed Mar 21 2018 00:00:00 GMT+0000,14262.12
Thu Mar 22 2018 00:00:00 GMT+0000,14176.5
Fri Mar 23 2018 00:00:00 GMT+0000,13774.63
Sat Mar 24 2018 00:00:00 GMT+0000,13901.39
Sun Mar 25 2018 00:00:00 GMT+0000,13473.3
Mon Mar 26 2018 00:00:00 GMT+0000,13406.59
Tue Mar 27 2018 00:00:00 GMT+0000,12716.47
Wed Mar 28 2018 00:00:00 GMT+0000,12046.43
Thu Mar 29 2018 00:00:00 GMT+0000,12192.79
Fri Mar 30 2018 00:00:00 GMT+0000,10793.4
Sat Mar 31 2018 00:00:00 GMT+0000,10596.75
Sun Apr 01 2018 00:00:00 GMT+0000,10673.45
Mon Apr 02 2018 00:00:00 GMT+0000,10301.16
Tue Apr 03 2018 00:00:00 GMT+0000,10687.39
Wed Apr 04 2018 00:00:00 GMT+0000,11419.65
Thu Apr 05 2018 00:00:00 GMT+0000,10399.92
Fri Apr 06 2018 00:00:00 GMT+0000,10401.18
Sat Apr 07 2018 00:00:00 GMT+0000,10056.22
Sun Apr 08 2018 00:00:00 GMT+0000,10458.46
Mon Apr 09 2018 00:00:00 GMT+0000,10720.87
Tue Apr 10 2018 00:00:00 GMT+0000,10465.08
Wed Apr 11 2018 00:00:00 GMT+0000,10612.66
Thu Apr 12 2018 00:00:00 GMT+0000,11063.44
Fri Apr 13 2018 00:00:00 GMT+0000,12579.92
Sat Apr 14 2018 00:00:00 GMT+0000,12556.92
Sun Apr 15 2018 00:00:00 GMT+0000,12758.38
Mon Apr 16 2018 00:00:00 GMT+0000,13468.87
Tue Apr 17 2018 00:00:00 GMT+0000,13051.27
Wed Apr 18 2018 00:00:00 GMT+0000,12913.87
Thu Apr 19 2018 00:00:00 GMT+0000,13691.15
Fri Apr 20 2018 00:00:00 GMT+0000,14359.35
Sat Apr 21 2018 00:00:00 GMT+0000,15671.66
Sun Apr 22 2018 00:00:00 GMT+0000,15411.57
Mon Apr 23 2018 00:00:00 GMT+0000,15466.74
Tue Apr 24 2018 00:00:00 GMT+0000,16061.76
Wed Apr 25 2018 00:00:00 GMT+0000,17359.97
Thu Apr 26 2018 00:00:00 GMT+0000,15502.33
Fri Apr 27 2018 00:00:00 GMT+0000,16547.05
Sat Apr 28 2018 00:00:00 GMT+0000,15961.58
Sun Apr 29 2018 00:00:00 GMT+0000,16912.22
Mon Apr 30 2018 00:00:00 GMT+0000,17333.21
Tue May 01 2018 00:00:00 GMT+0000,16690.17
Wed May 02 2018 00:00:00 GMT+0000,16671.49
Thu May 03 2018 00:00:00 GMT+0000,17069.66
Fri May 04 2018 00:00:00 GMT+0000,17924.21
Sat May 05 2018 00:00:00 GMT+0000,17935.09
Sun May 06 2018 00:00:00 GMT+0000,18438.11
Mon May 07 2018 00:00:00 GMT+0000,18020.78
Tue May 08 2018 00:00:00 GMT+0000,17390.98
Wed May 09 2018 00:00:00 GMT+0000,17123.95
Thu May 10 2018 00:00:00 GMT+0000,17214.78
Fri May 11 2018 00:00:00 GMT+0000,16447.22
Sat May 12 2018 00:00:00 GMT+0000,15093.83
Sun May 13 2018 00:00:00 GMT+0000,15358.41
Mon May 14 2018 00:00:00 GMT+0000,16007.26
Tue May 15 2018 00:00:00 GMT+0000,15903.45
Wed May 16 2018 00:00:00 GMT+0000,15318.22
Thu May 17 2018 00:00:00 GMT+0000,15145.73
Fri May 18 2018 00:00:00 GMT+0000,14403.39
Sat May 19 2018 00:00:00 GMT+0000,14773.58
Sun May 20 2018 00:00:00 GMT+0000,14737.53
Mon May 21 2018 00:00:00 GMT+0000,15335.89
Tue May 22 2018 00:00:00 GMT+0000,14980.3
Wed May 23 2018 00:00:00 GMT+0000,14062.21
Thu May 24 2018 00:00:00 GMT+0000,12960.56
Fri May 25 2018 00:00:00 GMT+0000,13352.9
Sat May 26 2018 00:00:00 GMT+0000,13008.61
Sun May 27 2018 00:00:00 GMT+0000,12895.08
Mon May 28 2018 00:00:00 GMT+0000,12795.66
Tue May 29 2018 00:00:00 GMT+0000,11935.21
Wed May 30 2018 00:00:00 GMT+0000,12814.69
Thu May 31 2018 00:00:00 GMT+0000,12672.86
Fri Jun 01 2018 00:00:00 GMT+0000,12938.83
Sat Jun 02 2018 00:00:00 GMT+0000,13043.35
Sun Jun 03 2018 00:00:00 GMT+0000,13433.94
Mon Jun 04 2018 00:00:00 GMT+0000,13817.03
Tue Jun 05 2018 00:00:00 GMT+0000,13250.72
Wed Jun 06 2018 00:00:00 GMT+0000,13551.88
Thu Jun 07 2018 00:00:00 GMT+0000,13507.11
Fri Jun 08 2018 00:00:00 GMT+0000,13540.14
Sat Jun 09 2018 00:00:00 GMT+0000,13397.13
Sun Jun 10 2018 00:00:00 GMT+0000,13143.46
Mon Jun 11 2018 00:00:00 GMT+0000,11642.06
Tue Jun 12 2018 00:00:00 GMT+0000,11847.29
Wed Jun 13 2018 00:00:00 GMT+0000,11111.38
Thu Jun 14 2018 00:00:00 GMT+0000,10642.12
Fri Jun 15 2018 00:00:00 GMT+0000,11345.07
Sat Jun 16 2018 00:00:00 GMT+0000,10838.43
Sun Jun 17 2018 00:00:00 GMT+0000,10967.41
Mon Jun 18 2018 00:00:00 GMT+0000,10889.71
Tue Jun 19 2018 00:00:00 GMT+0000,11248.19
Wed Jun 20 2018 00:00:00 GMT+0000,11402.88
Thu Jun 21 2018 00:00:00 GMT+0000,11328.86
Fri Jun 22 2018 00:00:00 GMT+0000,11205.12
Sat Jun 23 2018 00:00:00 GMT+0000,9971.68
Sun Jun 24 2018 00:00:00 GMT+0000,10075.09
Mon Jun 25 2018 00:00:00 GMT+0000,9865.19
Tue Jun 26 2018 00:00:00 GMT+0000,10020.37
Wed Jun 27 2018 00:00:00 GMT+0000,9543.43
Thu Jun 28 2018 00:00:00 GMT+0000,9741.99
Fri Jun 29 2018 00:00:00 GMT+0000,9258.88
Sat Jun 30 2018 00:00:00 GMT+0000,9692.65
Sun Jul 01 2018 00:00:00 GMT+0000,10019.99
Mon Jul 02 2018 00:00:00 GMT+0000,10031.19
Tue Jul 03 2018 00:00:00 GMT+0000,10438.52
Wed Jul 04 2018 00:00:00 GMT+0000,10341.57
Thu Jul 05 2018 00:00:00 GMT+0000,10488.28
Fri Jul 06 2018 00:00:00 GMT+0000,10363.48
Sat Jul 07 2018 00:00:00 GMT+0000,10409.35
Sun Jul 08 2018 00:00:00 GMT+0000,10661.81
Mon Jul 09 2018 00:00:00 GMT+0000,10586.42
Tue Jul 10 2018 00:00:00 GMT+0000,10392.48
Wed Jul 11 2018 00:00:00 GMT+0000,9729.09
Thu Jul 12 2018 00:00:00 GMT+0000,9918.22
Fri Jul 13 2018 00:00:00 GMT+0000,9644.07
Sat Jul 14 2018 00:00:00 GMT+0000,9615.2
Sun Jul 15 2018 00:00:00 GMT+0000,9646.01
Mon Jul 16 2018 00:00:00 GMT+0000,9939.38
Tue Jul 17 2018 00:00:00 GMT+0000,10622.44
Wed Jul 18 2018 00:00:00 GMT+0000,11379.42
Thu Jul 19 2018 00:00:00 GMT+0000,11299.07
Fri Jul 20 2018 00:00:00 GMT+0000,11274.13
Sat Jul 21 2018 00:00:00 GMT+0000,10803.65
Sun Jul 22 2018 00:00:00 GMT+0000,11027.06
Mon Jul 23 2018 00:00:00 GMT+0000,10957.33
Tue Jul 24 2018 00:00:00 GMT+0000,11159.16
Wed Jul 25 2018 00:00:00 GMT+0000,11999.4
Thu Jul 26 2018 00:00:00 GMT+0000,11782.96
Fri Jul 27 2018 00:00:00 GMT+0000,11384.51
Sat Jul 28 2018 00:00:00 GMT+0000,11742.84
Sun Jul 29 2018 00:00:00 GMT+0000,11783.73
Mon Jul 30 2018 00:00:00 GMT+0000,11732.16
Tue Jul 31 2018 00:00:00 GMT+0000,11560.96
Tue Jul 31 2018 20:00:00 GMT+0000,10988.88
Wed Aug 01 2018 20:00:00 GMT+0000,10735
Thu Aug 02 2018 20:00:00 GMT+0000,10578.95
Fri Aug 03 2018 20:00:00 GMT+0000,10459.61
Sat Aug 04 2018 20:00:00 GMT+0000,10030.72
Sun Aug 05 2018 20:00:00 GMT+0000,10106.38
Mon Aug 06 2018 20:00:00 GMT+0000,9982.21
Tue Aug 07 2018 20:00:00 GMT+0000,9951.57
Wed Aug 08 2018 20:00:00 GMT+0000,8868.1
Thu Aug 09 2018 20:00:00 GMT+0000,9058.74
Fri Aug 10 2018 20:00:00 GMT+0000,8880.09
Sat Aug 11 2018 20:00:00 GMT+0000,8589.06
Sun Aug 12 2018 20:00:00 GMT+0000,8498.49
Mon Aug 13 2018 20:00:00 GMT+0000,8136.04
Tue Aug 14 2018 20:00:00 GMT+0000,7749.27
Wed Aug 15 2018 20:00:00 GMT+0000,8221.95
Thu Aug 16 2018 20:00:00 GMT+0000,8312.16
Fri Aug 17 2018 20:00:00 GMT+0000,8624.79
Sat Aug 18 2018 20:00:00 GMT+0000,8381.94
Sun Aug 19 2018 20:00:00 GMT+0000,8486.57
Mon Aug 20 2018 20:00:00 GMT+0000,8441.31
Tue Aug 21 2018 20:00:00 GMT+0000,8368.6
Wed Aug 22 2018 20:00:00 GMT+0000,8257.99
Thu Aug 23 2018 20:00:00 GMT+0000,8268.61
Fri Aug 24 2018 20:00:00 GMT+0000,8515.09
Sat Aug 25 2018 20:00:00 GMT+0000,8606.71
Sun Aug 26 2018 20:00:00 GMT+0000,8552.93
Mon Aug 27 2018 20:00:00 GMT+0000,8679.1
Tue Aug 28 2018 20:00:00 GMT+0000,9202.5
Wed Aug 29 2018 20:00:00 GMT+0000,9046.59
Thu Aug 30 2018 20:00:00 GMT+0000,8737.37
Fri Aug 31 2018 20:00:00 GMT+0000,9103.91
Sat Sep 01 2018 20:00:00 GMT+0000,9566.84
Sun Sep 02 2018 20:00:00 GMT+0000,9496.59
Mon Sep 03 2018 20:00:00 GMT+0000,9513.13
Tue Sep 04 2018 20:00:00 GMT+0000,9485.31
Wed Sep 05 2018 20:00:00 GMT+0000,8640.09
Thu Sep 06 2018 20:00:00 GMT+0000,8149.76
Fri Sep 07 2018 20:00:00 GMT+0000,8042.82
Sat Sep 08 2018 20:00:00 GMT+0000,7685.83
Sun Sep 09 2018 20:00:00 GMT+0000,7917.22
Mon Sep 10 2018 20:00:00 GMT+0000,7702.43
Tue Sep 11 2018 20:00:00 GMT+0000,7578.82
Wed Sep 12 2018 20:00:00 GMT+0000,7608.68
Thu Sep 13 2018 20:00:00 GMT+0000,7916.83
Fri Sep 14 2018 20:00:00 GMT+0000,8087.89
Sat Sep 15 2018 20:00:00 GMT+0000,8113.22
Sun Sep 16 2018 20:00:00 GMT+0000,8067.11
Mon Sep 17 2018 20:00:00 GMT+0000,7653.14
Tue Sep 18 2018 20:00:00 GMT+0000,7829.88
Wed Sep 19 2018 20:00:00 GMT+0000,7969.59
Thu Sep 20 2018 20:00:00 GMT+0000,8120.11
Fri Sep 21 2018 20:00:00 GMT+0000,9068.07
Sat Sep 22 2018 20:00:00 GMT+0000,8931.09
Sun Sep 23 2018 20:00:00 GMT+0000,8970.37
Mon Sep 24 2018 20:00:00 GMT+0000,8746.18
Tue Sep 25 2018 20:00:00 GMT+0000,8193.3
Wed Sep 26 2018 20:00:00 GMT+0000,8597.9
Thu Sep 27 2018 20:00:00 GMT+0000,8899.55
Fri Sep 28 2018 20:00:00 GMT+0000,8846.63
Sat Sep 29 2018 20:00:00 GMT+0000,8837.54
Sun Sep 30 2018 20:00:00 GMT+0000,8846.99
Mon Oct 01 2018 20:00:00 GMT+0000,8761.62
Tue Oct 02 2018 20:00:00 GMT+0000,8774.14
Wed Oct 03 2018 20:00:00 GMT+0000,8509.92
Thu Oct 04 2018 20:00:00 GMT+0000,8703.51
Fri Oct 05 2018 20:00:00 GMT+0000,8636
Sat Oct 06 2018 20:00:00 GMT+0000,8546.81
Sun Oct 07 2018 20:00:00 GMT+0000,8568.39
Mon Oct 08 2018 20:00:00 GMT+0000,8781.06
Tue Oct 09 2018 20:00:00 GMT+0000,8677.88
Wed Oct 10 2018 20:00:00 GMT+0000,8594.08
Thu Oct 11 2018 20:00:00 GMT+0000,7923.74
Fri Oct 12 2018 20:00:00 GMT+0000,7939.71
Sat Oct 13 2018 20:00:00 GMT+0000,7950.69
Sun Oct 14 2018 20:00:00 GMT+0000,8024.09
Mon Oct 15 2018 20:00:00 GMT+0000,8295.54
Tue Oct 16 2018 20:00:00 GMT+0000,8282.76
Wed Oct 17 2018 20:00:00 GMT+0000,8364.31
Thu Oct 18 2018 20:00:00 GMT+0000,8204.62
Fri Oct 19 2018 20:00:00 GMT+0000,8218.62
Sat Oct 20 2018 20:00:00 GMT+0000,8276.9
Sun Oct 21 2018 20:00:00 GMT+0000,8311.86
Mon Oct 22 2018 20:00:00 GMT+0000,8222.43
Tue Oct 23 2018 20:00:00 GMT+0000,8258.5
Wed Oct 24 2018 20:00:00 GMT+0000,8319.02
Thu Oct 25 2018 20:00:00 GMT+0000,8237.8
Fri Oct 26 2018 20:00:00 GMT+0000,8217.22
Sat Oct 27 2018 20:00:00 GMT+0000,8223.62
Sun Oct 28 2018 20:00:00 GMT+0000,8238.69
Mon Oct 29 2018 20:00:00 GMT+0000,7939.65
Tue Oct 30 2018 20:00:00 GMT+0000,7967.76
Wed Oct 31 2018 20:00:00 GMT+0000,8052.8
Thu Nov 01 2018 20:00:00 GMT+0000,8081.13
Fri Nov 02 2018 20:00:00 GMT+0000,8188.08
Sat Nov 03 2018 20:00:00 GMT+0000,8161.32
Sun Nov 04 2018 21:00:00 GMT+0000,8389.11
Mon Nov 05 2018 21:00:00 GMT+0000,8388.49
Tue Nov 06 2018 21:00:00 GMT+0000,8616.61
Wed Nov 07 2018 21:00:00 GMT+0000,8677.64
Thu Nov 08 2018 21:00:00 GMT+0000,8538.25
Fri Nov 09 2018 21:00:00 GMT+0000,8375.43
Sat Nov 10 2018 21:00:00 GMT+0000,8435.48
Sun Nov 11 2018 21:00:00 GMT+0000,8344.03
Mon Nov 12 2018 21:00:00 GMT+0000,8397.93
Tue Nov 13 2018 21:00:00 GMT+0000,8323.16
Wed Nov 14 2018 21:00:00 GMT+0000,7154.84
Thu Nov 15 2018 21:00:00 GMT+0000,7167.16
Fri Nov 16 2018 21:00:00 GMT+0000,7185.09
Sat Nov 17 2018 21:00:00 GMT+0000,7205.49
Sun Nov 18 2018 21:00:00 GMT+0000,7271.07
Mon Nov 19 2018 21:00:00 GMT+0000,6412.05
Tue Nov 20 2018 21:00:00 GMT+0000,5607.89
Wed Nov 21 2018 21:00:00 GMT+0000,5740.07
Thu Nov 22 2018 21:00:00 GMT+0000,5708.47
Fri Nov 23 2018 21:00:00 GMT+0000,5375.94
Sat Nov 24 2018 21:00:00 GMT+0000,5294.4
Sun Nov 25 2018 21:00:00 GMT+0000,4995.13
Mon Nov 26 2018 21:00:00 GMT+0000,4666.72
Tue Nov 27 2018 21:00:00 GMT+0000,4745.3
Wed Nov 28 2018 21:00:00 GMT+0000,5528.56
Thu Nov 29 2018 21:00:00 GMT+0000,5288.03
Fri Nov 30 2018 21:00:00 GMT+0000,5023.92
Sat Dec 01 2018 21:00:00 GMT+0000,5282.29
Sun Dec 02 2018 21:00:00 GMT+0000,5278.58
Mon Dec 03 2018 21:00:00 GMT+0000,4852.36
Tue Dec 04 2018 21:00:00 GMT+0000,4872.27
Wed Dec 05 2018 21:00:00 GMT+0000,4677.35
Thu Dec 06 2018 21:00:00 GMT+0000,4472.83
Fri Dec 07 2018 21:00:00 GMT+0000,4123.62
Sat Dec 08 2018 21:00:00 GMT+0000,4083.54
Sun Dec 09 2018 21:00:00 GMT+0000,4413.9
Mon Dec 10 2018 21:00:00 GMT+0000,4175.95
Tue Dec 11 2018 21:00:00 GMT+0000,4096.05
Wed Dec 12 2018 21:00:00 GMT+0000,4209.39
Thu Dec 13 2018 21:00:00 GMT+0000,3987.46
Fri Dec 14 2018 21:00:00 GMT+0000,3858.54
Sat Dec 15 2018 21:00:00 GMT+0000,3898.45
Sun Dec 16 2018 21:00:00 GMT+0000,3965.06
Mon Dec 17 2018 21:00:00 GMT+0000,4425.28
Tue Dec 18 2018 21:00:00 GMT+0000,4367.55
Wed Dec 19 2018 21:00:00 GMT+0000,4715.67
Thu Dec 20 2018 21:00:00 GMT+0000,4934.65
Fri Dec 21 2018 21:00:00 GMT+0000,4818.24
Sat Dec 22 2018 21:00:00 GMT+0000,4940.45
Sun Dec 23 2018 21:00:00 GMT+0000,5134.36
Mon Dec 24 2018 21:00:00 GMT+0000,5277.37
Tue Dec 25 2018 21:00:00 GMT+0000,4946.22
Wed Dec 26 2018 21:00:00 GMT+0000,4896.29
Thu Dec 27 2018 21:00:00 GMT+0000,4591.25
Fri Dec 28 2018 21:00:00 GMT+0000,5076.49
Sat Dec 29 2018 21:00:00 GMT+0000,5015.1
Sun Dec 30 2018 21:00:00 GMT+0000,4971.25
Mon Dec 31 2018 21:00:00 GMT+0000,4765.79
Tue Jan 01 2019 21:00:00 GMT+0000,4882.24
Wed Jan 02 2019 21:00:00 GMT+0000,5109.94
Thu Jan 03 2019 21:00:00 GMT+0000,4983.16
Fri Jan 04 2019 21:00:00 GMT+0000,4980.71
Sat Jan 05 2019 21:00:00 GMT+0000,5068.67
Sun Jan 06 2019 21:00:00 GMT+0000,5267.17
Mon Jan 07 2019 21:00:00 GMT+0000,5213.56
Tue Jan 08 2019 21:00:00 GMT+0000,5197.92
Wed Jan 09 2019 21:00:00 GMT+0000,5214.39
Thu Jan 10 2019 21:00:00 GMT+0000,4647.03
Fri Jan 11 2019 21:00:00 GMT+0000,4661.34
Sat Jan 12 2019 21:00:00 GMT+0000,4640.57
Sun Jan 13 2019 21:00:00 GMT+0000,4412.63
Mon Jan 14 2019 21:00:00 GMT+0000,4684.99
Tue Jan 15 2019 21:00:00 GMT+0000,4515.26
Wed Jan 16 2019 21:00:00 GMT+0000,4570.8
Thu Jan 17 2019 21:00:00 GMT+0000,4619.11
Fri Jan 18 2019 21:00:00 GMT+0000,4568.32
Sat Jan 19 2019 21:00:00 GMT+0000,4705.94
Sun Jan 20 2019 21:00:00 GMT+0000,4483.53
Mon Jan 21 2019 21:00:00 GMT+0000,4492.54
Tue Jan 22 2019 21:00:00 GMT+0000,4557.43
Wed Jan 23 2019 21:00:00 GMT+0000,4474.91
Thu Jan 24 2019 21:00:00 GMT+0000,4540.96
Fri Jan 25 2019 21:00:00 GMT+0000,4494.63
Sat Jan 26 2019 21:00:00 GMT+0000,4497.56
Sun Jan 27 2019 21:00:00 GMT+0000,4460.83
Mon Jan 28 2019 21:00:00 GMT+0000,4227.61
Tue Jan 29 2019 21:00:00 GMT+0000,4218.63
Wed Jan 30 2019 21:00:00 GMT+0000,4320.77
Thu Jan 31 2019 21:00:00 GMT+0000,4283.84
Fri Feb 01 2019 21:00:00 GMT+0000,4298.54
Sat Feb 02 2019 21:00:00 GMT+0000,4291.2
Sun Feb 03 2019 21:00:00 GMT+0000,4293.69
Mon Feb 04 2019 21:00:00 GMT+0000,4265.57
Tue Feb 05 2019 21:00:00 GMT+0000,4259.76
Wed Feb 06 2019 21:00:00 GMT+0000,4162.26
Thu Feb 07 2019 21:00:00 GMT+0000,4176.16
Fri Feb 08 2019 21:00:00 GMT+0000,4555.52
Sat Feb 09 2019 21:00:00 GMT+0000,4547.18
Sun Feb 10 2019 21:00:00 GMT+0000,4529.32
Mon Feb 11 2019 21:00:00 GMT+0000,4534.47
Tue Feb 12 2019 21:00:00 GMT+0000,4569.27
Wed Feb 13 2019 21:00:00 GMT+0000,4505.01
Thu Feb 14 2019 21:00:00 GMT+0000,4496.64
Fri Feb 15 2019 21:00:00 GMT+0000,4500.27
Sat Feb 16 2019 21:00:00 GMT+0000,4553.37
Sun Feb 17 2019 21:00:00 GMT+0000,4546.52
Mon Feb 18 2019 21:00:00 GMT+0000,4964.58
Tue Feb 19 2019 21:00:00 GMT+0000,5065.95
Wed Feb 20 2019 21:00:00 GMT+0000,5073.26
Thu Feb 21 2019 21:00:00 GMT+0000,4980.12
Fri Feb 22 2019 21:00:00 GMT+0000,5051.89
Sat Feb 23 2019 21:00:00 GMT+0000,5325.11
Sun Feb 24 2019 21:00:00 GMT+0000,4836.52
Mon Feb 25 2019 21:00:00 GMT+0000,4902.42
Tue Feb 26 2019 21:00:00 GMT+0000,4842.15
Wed Feb 27 2019 21:00:00 GMT+0000,4726.35
Thu Feb 28 2019 21:00:00 GMT+0000,4851.67
Fri Mar 01 2019 21:00:00 GMT+0000,4907.07
Sat Mar 02 2019 21:00:00 GMT+0000,4841.92
Sun Mar 03 2019 21:00:00 GMT+0000,4838.16
Mon Mar 04 2019 21:00:00 GMT+0000,4686.08
Tue Mar 05 2019 21:00:00 GMT+0000,4910.67
Wed Mar 06 2019 21:00:00 GMT+0000,4922.84
Thu Mar 07 2019 21:00:00 GMT+0000,4962.24
Fri Mar 08 2019 21:00:00 GMT+0000,4981.58
Sat Mar 09 2019 21:00:00 GMT+0000,4980.78
Sun Mar 10 2019 20:00:00 GMT+0000,4972.52
Mon Mar 11 2019 20:00:00 GMT+0000,4905.04
Tue Mar 12 2019 20:00:00 GMT+0000,4946.78
Wed Mar 13 2019 20:00:00 GMT+0000,4951.75
Thu Mar 14 2019 20:00:00 GMT+0000,4953.68
Fri Mar 15 2019 20:00:00 GMT+0000,5052.6
Sat Mar 16 2019 20:00:00 GMT+0000,5150.2
Sun Mar 17 2019 20:00:00 GMT+0000,5139.48
Mon Mar 18 2019 20:00:00 GMT+0000,5112.39
Tue Mar 19 2019 20:00:00 GMT+0000,5153.59
Wed Mar 20 2019 20:00:00 GMT+0000,5176.48
Thu Mar 21 2019 20:00:00 GMT+0000,5102.16
Fri Mar 22 2019 20:00:00 GMT+0000,5147.66
Sat Mar 23 2019 20:00:00 GMT+0000,5129.56
Sun Mar 24 2019 20:00:00 GMT+0000,5116.82
Mon Mar 25 2019 20:00:00 GMT+0000,5012.13
Tue Mar 26 2019 20:00:00 GMT+0000,5023.27
Wed Mar 27 2019 20:00:00 GMT+0000,5193.89
Thu Mar 28 2019 20:00:00 GMT+0000,5193.75
Fri Mar 29 2019 20:00:00 GMT+0000,5285.21
Sat Mar 30 2019 20:00:00 GMT+0000,5288.14
Sun Mar 31 2019 20:00:00 GMT+0000,5313.21
Mon Apr 01 2019 20:00:00 GMT+0000,5354.79
Tue Apr 02 2019 20:00:00 GMT+0000,6149.77
Wed Apr 03 2019 20:00:00 GMT+0000,6774.33
Thu Apr 04 2019 20:00:00 GMT+0000,6188.72
Fri Apr 05 2019 20:00:00 GMT+0000,6534.23
Sat Apr 06 2019 20:00:00 GMT+0000,6727.85
Sun Apr 07 2019 20:00:00 GMT+0000,6696.5
Mon Apr 08 2019 20:00:00 GMT+0000,6750.24
Tue Apr 09 2019 20:00:00 GMT+0000,6734.3
Wed Apr 10 2019 20:00:00 GMT+0000,6964.23
Thu Apr 11 2019 20:00:00 GMT+0000,6440.88
Fri Apr 12 2019 20:00:00 GMT+0000,6422.95
Sat Apr 13 2019 20:00:00 GMT+0000,6423.38
Sun Apr 14 2019 20:00:00 GMT+0000,6448.12
Mon Apr 15 2019 20:00:00 GMT+0000,6333.83
Tue Apr 16 2019 20:00:00 GMT+0000,6564.32
Wed Apr 17 2019 20:00:00 GMT+0000,6616.5
Thu Apr 18 2019 20:00:00 GMT+0000,6726.2
Fri Apr 19 2019 20:00:00 GMT+0000,6705.78
Sat Apr 20 2019 20:00:00 GMT+0000,6713.81
Sun Apr 21 2019 20:00:00 GMT+0000,6560.33
Mon Apr 22 2019 20:00:00 GMT+0000,6714.34
Tue Apr 23 2019 20:00:00 GMT+0000,6859.39
Wed Apr 24 2019 20:00:00 GMT+0000,6556.85
Thu Apr 25 2019 20:00:00 GMT+0000,6638.14
Fri Apr 26 2019 20:00:00 GMT+0000,6147.02
Sat Apr 27 2019 20:00:00 GMT+0000,6316.06
Sun Apr 28 2019 20:00:00 GMT+0000,6207.24
Mon Apr 29 2019 20:00:00 GMT+0000,6191.96
Tue Apr 30 2019 20:00:00 GMT+0000,6338.47
Wed May 01 2019 20:00:00 GMT+0000,6403.94
Thu May 02 2019 20:00:00 GMT+0000,6468.8
Fri May 03 2019 20:00:00 GMT+0000,6788.52
Sat May 04 2019 20:00:00 GMT+0000,6674.55
Sun May 05 2019 20:00:00 GMT+0000,6753.65
Mon May 06 2019 20:00:00 GMT+0000,6845.49
Tue May 07 2019 20:00:00 GMT+0000,6880.81
Wed May 08 2019 20:00:00 GMT+0000,6916.3
Thu May 09 2019 20:00:00 GMT+0000,6991
Fri May 10 2019 20:00:00 GMT+0000,7316.32
Sat May 11 2019 20:00:00 GMT+0000,8028.27
Sun May 12 2019 20:00:00 GMT+0000,8012.98
Mon May 13 2019 20:00:00 GMT+0000,8866.25
Tue May 14 2019 20:00:00 GMT+0000,8907.09
Wed May 15 2019 20:00:00 GMT+0000,9635.03
Thu May 16 2019 20:00:00 GMT+0000,9373.28
Fri May 17 2019 20:00:00 GMT+0000,8494.67
Sat May 18 2019 20:00:00 GMT+0000,8630.41
Sun May 19 2019 20:00:00 GMT+0000,9435.68
Mon May 20 2019 20:00:00 GMT+0000,9238.05
Tue May 21 2019 20:00:00 GMT+0000,9498.2
Wed May 22 2019 20:00:00 GMT+0000,9370.4
Thu May 23 2019 20:00:00 GMT+0000,9109.24
Fri May 24 2019 20:00:00 GMT+0000,9484.84
Sat May 25 2019 20:00:00 GMT+0000,9407.95
Sun May 26 2019 20:00:00 GMT+0000,9961.36
Mon May 27 2019 20:00:00 GMT+0000,10350.73
Tue May 28 2019 20:00:00 GMT+0000,10324.63
Wed May 29 2019 20:00:00 GMT+0000,10394.96
Thu May 30 2019 20:00:00 GMT+0000,10268.37
Fri May 31 2019 20:00:00 GMT+0000,10038.28
Sat Jun 01 2019 20:00:00 GMT+0000,10137.72
Sun Jun 02 2019 20:00:00 GMT+0000,10292.64
Mon Jun 03 2019 20:00:00 GMT+0000,10163.19
Tue Jun 04 2019 20:00:00 GMT+0000,8986.85
Wed Jun 05 2019 20:00:00 GMT+0000,9262.73
Thu Jun 06 2019 20:00:00 GMT+0000,9054.1
Fri Jun 07 2019 20:00:00 GMT+0000,9532.11
Sat Jun 08 2019 20:00:00 GMT+0000,9334.17
Sun Jun 09 2019 20:00:00 GMT+0000,9167.63
Mon Jun 10 2019 20:00:00 GMT+0000,9493.19
Tue Jun 11 2019 20:00:00 GMT+0000,9433.89
Wed Jun 12 2019 20:00:00 GMT+0000,9751.71
Thu Jun 13 2019 20:00:00 GMT+0000,9824.67
Fri Jun 14 2019 20:00:00 GMT+0000,9869.47
Sat Jun 15 2019 20:00:00 GMT+0000,10397.41
Sun Jun 16 2019 20:00:00 GMT+0000,10424.27
Mon Jun 17 2019 20:00:00 GMT+0000,10799.88
Tue Jun 18 2019 20:00:00 GMT+0000,10532.19
Wed Jun 19 2019 20:00:00 GMT+0000,10657.33
Thu Jun 20 2019 20:00:00 GMT+0000,10906.94
Fri Jun 21 2019 20:00:00 GMT+0000,11353.43
Sat Jun 22 2019 20:00:00 GMT+0000,12153.77
Sun Jun 23 2019 20:00:00 GMT+0000,12385.87
Mon Jun 24 2019 20:00:00 GMT+0000,12248.42
Tue Jun 25 2019 20:00:00 GMT+0000,12609.07
Wed Jun 26 2019 20:00:00 GMT+0000,14720.02
Thu Jun 27 2019 20:00:00 GMT+0000,11742.96
Fri Jun 28 2019 20:00:00 GMT+0000,13104.62
Sat Jun 29 2019 20:00:00 GMT+0000,12845.22
Sun Jun 30 2019 20:00:00 GMT+0000,12209.71
Mon Jul 01 2019 20:00:00 GMT+0000,11208.44
Tue Jul 02 2019 20:00:00 GMT+0000,11721.33
Wed Jul 03 2019 20:00:00 GMT+0000,12141.53
Thu Jul 04 2019 20:00:00 GMT+0000,12609.83
Fri Jul 05 2019 20:00:00 GMT+0000,11961.91
Sat Jul 06 2019 20:00:00 GMT+0000,12325.33
Sun Jul 07 2019 20:00:00 GMT+0000,12417.67
Mon Jul 08 2019 20:00:00 GMT+0000,12938.31
Tue Jul 09 2019 20:00:00 GMT+0000,13099.17
Wed Jul 10 2019 20:00:00 GMT+0000,12490.93
Thu Jul 11 2019 20:00:00 GMT+0000,11916.03
Fri Jul 12 2019 20:00:00 GMT+0000,12020.82
Sat Jul 13 2019 20:00:00 GMT+0000,11603.07
Sun Jul 14 2019 20:00:00 GMT+0000,10753.65
Mon Jul 15 2019 20:00:00 GMT+0000,11031.29
Tue Jul 16 2019 20:00:00 GMT+0000,9863.43
Wed Jul 17 2019 20:00:00 GMT+0000,10022.31
Thu Jul 18 2019 20:00:00 GMT+0000,10739.06
Fri Jul 19 2019 20:00:00 GMT+0000,10601.52
Sat Jul 20 2019 20:00:00 GMT+0000,11199.06
Sun Jul 21 2019 20:00:00 GMT+0000,10668.63
Mon Jul 22 2019 20:00:00 GMT+0000,10364.21
Tue Jul 23 2019 20:00:00 GMT+0000,10389.39
Wed Jul 24 2019 20:00:00 GMT+0000,9985.35
Thu Jul 25 2019 20:00:00 GMT+0000,10195.7
Fri Jul 26 2019 20:00:00 GMT+0000,10253.04
Sat Jul 27 2019 20:00:00 GMT+0000,9748.51
Sun Jul 28 2019 20:00:00 GMT+0000,9865.06
Mon Jul 29 2019 20:00:00 GMT+0000,9805.44
Tue Jul 30 2019 20:00:00 GMT+0000,9954.14
Wed Jul 31 2019 20:00:00 GMT+0000,10291.39
Thu Aug 01 2019 20:00:00 GMT+0000,10504.71
Fri Aug 02 2019 20:00:00 GMT+0000,10611.19
Sat Aug 03 2019 20:00:00 GMT+0000,10966.99
Sun Aug 04 2019 20:00:00 GMT+0000,11028.09
Mon Aug 05 2019 20:00:00 GMT+0000,11725.47
Tue Aug 06 2019 20:00:00 GMT+0000,11577.21
Wed Aug 07 2019 20:00:00 GMT+0000,11593.85
Thu Aug 08 2019 20:00:00 GMT+0000,11379.11
Fri Aug 09 2019 20:00:00 GMT+0000,11458.94
Sat Aug 10 2019 20:00:00 GMT+0000,11118.11
Sun Aug 11 2019 20:00:00 GMT+0000,11253.54
Mon Aug 12 2019 20:00:00 GMT+0000,11248.62
Tue Aug 13 2019 20:00:00 GMT+0000,10795.97
Wed Aug 14 2019 20:00:00 GMT+0000,9969.38
Thu Aug 15 2019 20:00:00 GMT+0000,9945.25
Fri Aug 16 2019 20:00:00 GMT+0000,10225.65
Sat Aug 17 2019 20:00:00 GMT+0000,9968.05
Sun Aug 18 2019 20:00:00 GMT+0000,10271.21
Mon Aug 19 2019 20:00:00 GMT+0000,10503.56
Tue Aug 20 2019 20:00:00 GMT+0000,10496.72
Wed Aug 21 2019 20:00:00 GMT+0000,9928.2
Thu Aug 22 2019 20:00:00 GMT+0000,10053.54
Fri Aug 23 2019 20:00:00 GMT+0000,10270.43
Sat Aug 24 2019 20:00:00 GMT+0000,10016.49
Sun Aug 25 2019 20:00:00 GMT+0000,9928.17
Mon Aug 26 2019 20:00:00 GMT+0000,10126.93
Tue Aug 27 2019 20:00:00 GMT+0000,9999.38
Wed Aug 28 2019 20:00:00 GMT+0000,9455.87
Thu Aug 29 2019 20:00:00 GMT+0000,9297.8
Fri Aug 30 2019 20:00:00 GMT+0000,9347.85
Sat Aug 31 2019 20:00:00 GMT+0000,9341.37
Sun Sep 01 2019 20:00:00 GMT+0000,9406.5
Mon Sep 02 2019 20:00:00 GMT+0000,9889.72
Tue Sep 03 2019 20:00:00 GMT+0000,10272.54
Wed Sep 04 2019 20:00:00 GMT+0000,10282.11
Thu Sep 05 2019 20:00:00 GMT+0000,10084.9
Fri Sep 06 2019 20:00:00 GMT+0000,9955.84
Sat Sep 07 2019 20:00:00 GMT+0000,10150.84
Sun Sep 08 2019 20:00:00 GMT+0000,10050.26
Mon Sep 09 2019 20:00:00 GMT+0000,10029.67
Tue Sep 10 2019 20:00:00 GMT+0000,9765.23
Wed Sep 11 2019 20:00:00 GMT+0000,9784.21
Thu Sep 12 2019 20:00:00 GMT+0000,9987.44
Fri Sep 13 2019 20:00:00 GMT+0000,9895.11
Sat Sep 14 2019 20:00:00 GMT+0000,10137.17
Sun Sep 15 2019 20:00:00 GMT+0000,10066.45
Mon Sep 16 2019 20:00:00 GMT+0000,9928.92
Tue Sep 17 2019 20:00:00 GMT+0000,10230.76
Wed Sep 18 2019 20:00:00 GMT+0000,10255.32
Thu Sep 19 2019 20:00:00 GMT+0000,10213.85
Fri Sep 20 2019 20:00:00 GMT+0000,10162.1
Sat Sep 21 2019 20:00:00 GMT+0000,10043.34
Sun Sep 22 2019 20:00:00 GMT+0000,9920.95
Mon Sep 23 2019 20:00:00 GMT+0000,9787.17
Tue Sep 24 2019 20:00:00 GMT+0000,8344.55
Wed Sep 25 2019 20:00:00 GMT+0000,8267.76
Thu Sep 26 2019 20:00:00 GMT+0000,8052.94
Fri Sep 27 2019 20:00:00 GMT+0000,7968.8
Sat Sep 28 2019 20:00:00 GMT+0000,8145.54
Sun Sep 29 2019 20:00:00 GMT+0000,7922.49
Mon Sep 30 2019 20:00:00 GMT+0000,8287.85
Tue Oct 01 2019 20:00:00 GMT+0000,8288.37
Wed Oct 02 2019 20:00:00 GMT+0000,8268.81
Thu Oct 03 2019 20:00:00 GMT+0000,8141.76
Fri Oct 04 2019 20:00:00 GMT+0000,8239.03
Sat Oct 05 2019 20:00:00 GMT+0000,8127.63
Sun Oct 06 2019 20:00:00 GMT+0000,7956.23
Mon Oct 07 2019 20:00:00 GMT+0000,8337.25
Tue Oct 08 2019 20:00:00 GMT+0000,8276.12
Wed Oct 09 2019 20:00:00 GMT+0000,8705.38
Thu Oct 10 2019 20:00:00 GMT+0000,8653.08
Fri Oct 11 2019 20:00:00 GMT+0000,8405.29
Sat Oct 12 2019 20:00:00 GMT+0000,8377.4
Sun Oct 13 2019 20:00:00 GMT+0000,8516.55
Mon Oct 14 2019 20:00:00 GMT+0000,8467.83
Tue Oct 15 2019 20:00:00 GMT+0000,8284.73
Wed Oct 16 2019 20:00:00 GMT+0000,8052.51
Thu Oct 17 2019 20:00:00 GMT+0000,8203.21
Fri Oct 18 2019 20:00:00 GMT+0000,8088.31
Sat Oct 19 2019 20:00:00 GMT+0000,8092.79
Sun Oct 20 2019 20:00:00 GMT+0000,8329.71
Mon Oct 21 2019 20:00:00 GMT+0000,8295.14
Tue Oct 22 2019 20:00:00 GMT+0000,8271.62
Wed Oct 23 2019 20:00:00 GMT+0000,7590.65
Thu Oct 24 2019 20:00:00 GMT+0000,7638.31
Fri Oct 25 2019 20:00:00 GMT+0000,8706.11
Sat Oct 26 2019 20:00:00 GMT+0000,8939.93
Sun Oct 27 2019 20:00:00 GMT+0000,9603.7
Mon Oct 28 2019 20:00:00 GMT+0000,9346.9
Tue Oct 29 2019 20:00:00 GMT+0000,9246.72
Wed Oct 30 2019 20:00:00 GMT+0000,9190.65
Thu Oct 31 2019 20:00:00 GMT+0000,9203.09
Fri Nov 01 2019 20:00:00 GMT+0000,9149.32
Sat Nov 02 2019 20:00:00 GMT+0000,9314.42
Sun Nov 03 2019 21:00:00 GMT+0000,9141.92
Mon Nov 04 2019 21:00:00 GMT+0000,9448.5
Tue Nov 05 2019 21:00:00 GMT+0000,9411.71
Wed Nov 06 2019 21:00:00 GMT+0000,9358.89
Thu Nov 07 2019 21:00:00 GMT+0000,9217.96
Fri Nov 08 2019 21:00:00 GMT+0000,8872.87
Sat Nov 09 2019 21:00:00 GMT+0000,8872.77
Sun Nov 10 2019 21:00:00 GMT+0000,9135.48
Mon Nov 11 2019 21:00:00 GMT+0000,8840.1
Tue Nov 12 2019 21:00:00 GMT+0000,8896.78
Wed Nov 13 2019 21:00:00 GMT+0000,8866.74
Thu Nov 14 2019 21:00:00 GMT+0000,8754.91
Fri Nov 15 2019 21:00:00 GMT+0000,8558.15
Sat Nov 16 2019 21:00:00 GMT+0000,8560.3
Sun Nov 17 2019 21:00:00 GMT+0000,8645.8
Mon Nov 18 2019 21:00:00 GMT+0000,8296.1
Tue Nov 19 2019 21:00:00 GMT+0000,8173.49
Wed Nov 20 2019 21:00:00 GMT+0000,8158.64
Thu Nov 21 2019 21:00:00 GMT+0000,7638.54
Fri Nov 22 2019 21:00:00 GMT+0000,7373.37
Sat Nov 23 2019 21:00:00 GMT+0000,7340.01
Sun Nov 24 2019 21:00:00 GMT+0000,7083.13
Mon Nov 25 2019 21:00:00 GMT+0000,7177.28
Tue Nov 26 2019 21:00:00 GMT+0000,7145.16
Wed Nov 27 2019 21:00:00 GMT+0000,7558.18
Thu Nov 28 2019 21:00:00 GMT+0000,7570.17
Fri Nov 29 2019 21:00:00 GMT+0000,7727.54
Sat Nov 30 2019 21:00:00 GMT+0000,7498.01
Sun Dec 01 2019 21:00:00 GMT+0000,7370.35
Mon Dec 02 2019 21:00:00 GMT+0000,7293.43
Tue Dec 03 2019 21:00:00 GMT+0000,7299.6
Wed Dec 04 2019 21:00:00 GMT+0000,7186.64
Thu Dec 05 2019 21:00:00 GMT+0000,7360.66
Fri Dec 06 2019 21:00:00 GMT+0000,7409.36
Sat Dec 07 2019 21:00:00 GMT+0000,7480.97
Sun Dec 08 2019 21:00:00 GMT+0000,7524.34
Mon Dec 09 2019 21:00:00 GMT+0000,7295.38
Tue Dec 10 2019 21:00:00 GMT+0000,7188.03
Wed Dec 11 2019 21:00:00 GMT+0000,7160.74
Thu Dec 12 2019 21:00:00 GMT+0000,7240.58
Fri Dec 13 2019 21:00:00 GMT+0000,7252.05
Sat Dec 14 2019 21:00:00 GMT+0000,7078.04
Sun Dec 15 2019 21:00:00 GMT+0000,7135.29
Mon Dec 16 2019 21:00:00 GMT+0000,6799.72
Tue Dec 17 2019 21:00:00 GMT+0000,6450.67
Wed Dec 18 2019 21:00:00 GMT+0000,6978.42
Thu Dec 19 2019 21:00:00 GMT+0000,6961.97
Fri Dec 20 2019 21:00:00 GMT+0000,7038.56
Sat Dec 21 2019 21:00:00 GMT+0000,6976.64
Sun Dec 22 2019 21:00:00 GMT+0000,7230.87
Mon Dec 23 2019 21:00:00 GMT+0000,7182.35
Tue Dec 24 2019 21:00:00 GMT+0000,7023.35
Wed Dec 25 2019 21:00:00 GMT+0000,7023.8
Thu Dec 26 2019 21:00:00 GMT+0000,7047.75
Fri Dec 27 2019 21:00:00 GMT+0000,7017.79
Sat Dec 28 2019 21:00:00 GMT+0000,7145
Sun Dec 29 2019 21:00:00 GMT+0000,7228.99
Mon Dec 30 2019 21:00:00 GMT+0000,7087.19
Tue Dec 31 2019 21:00:00 GMT+0000,6977.27
Wed Jan 01 2020 21:00:00 GMT+0000,7068.77
Thu Jan 02 2020 21:00:00 GMT+0000,6778.93
Fri Jan 03 2020 21:00:00 GMT+0000,7152.82
Sat Jan 04 2020 21:00:00 GMT+0000,7177.27
Sun Jan 05 2020 21:00:00 GMT+0000,7296.59
Mon Jan 06 2020 21:00:00 GMT+0000,7477.66
Tue Jan 07 2020 21:00:00 GMT+0000,7956.13
Wed Jan 08 2020 21:00:00 GMT+0000,7792.51
Thu Jan 09 2020 21:00:00 GMT+0000,7609.29
Fri Jan 10 2020 21:00:00 GMT+0000,7883.15
Sat Jan 11 2020 21:00:00 GMT+0000,8007.49
Sun Jan 12 2020 21:00:00 GMT+0000,7975.88
Mon Jan 13 2020 21:00:00 GMT+0000,7980.92
Tue Jan 14 2020 21:00:00 GMT+0000,8633.94
Wed Jan 15 2020 21:00:00 GMT+0000,8793.93
Thu Jan 16 2020 21:00:00 GMT+0000,8735.97
Fri Jan 17 2020 21:00:00 GMT+0000,8925
Sat Jan 18 2020 21:00:00 GMT+0000,8949.83
Sun Jan 19 2020 21:00:00 GMT+0000,8634.03
Mon Jan 20 2020 21:00:00 GMT+0000,8704.82
Tue Jan 21 2020 21:00:00 GMT+0000,8745.03
Wed Jan 22 2020 21:00:00 GMT+0000,8704.32
Thu Jan 23 2020 21:00:00 GMT+0000,8361.46
Fri Jan 24 2020 21:00:00 GMT+0000,8481.29
Sat Jan 25 2020 21:00:00 GMT+0000,8352.08
Sun Jan 26 2020 21:00:00 GMT+0000,8592.56
Mon Jan 27 2020 21:00:00 GMT+0000,9007.8
Tue Jan 28 2020 21:00:00 GMT+0000,9078.89
Wed Jan 29 2020 21:00:00 GMT+0000,9385.48
Thu Jan 30 2020 21:00:00 GMT+0000,9626.39
Fri Jan 31 2020 21:00:00 GMT+0000,9361.85
Sat Feb 01 2020 21:00:00 GMT+0000,9456.93
Sun Feb 02 2020 21:00:00 GMT+0000,9606.46
Mon Feb 03 2020 21:00:00 GMT+0000,9491.26
Tue Feb 04 2020 21:00:00 GMT+0000,9389.92
Wed Feb 05 2020 21:00:00 GMT+0000,9950.88
Thu Feb 06 2020 21:00:00 GMT+0000,10103.48
Fri Feb 07 2020 21:00:00 GMT+0000,10095.54
Sat Feb 08 2020 21:00:00 GMT+0000,10263.18
Sun Feb 09 2020 21:00:00 GMT+0000,10429.94
Mon Feb 10 2020 21:00:00 GMT+0000,10268.53
Tue Feb 11 2020 21:00:00 GMT+0000,10744.7
Wed Feb 12 2020 21:00:00 GMT+0000,11094.48
Thu Feb 13 2020 21:00:00 GMT+0000,10936.38
Fri Feb 14 2020 21:00:00 GMT+0000,11204.51
Sat Feb 15 2020 21:00:00 GMT+0000,10590.1
Sun Feb 16 2020 21:00:00 GMT+0000,10268.09
Mon Feb 17 2020 21:00:00 GMT+0000,10198.04
Tue Feb 18 2020 21:00:00 GMT+0000,10838.67
Wed Feb 19 2020 21:00:00 GMT+0000,10737.06
Thu Feb 20 2020 21:00:00 GMT+0000,10060.37
Fri Feb 21 2020 21:00:00 GMT+0000,10239.4
Sat Feb 22 2020 21:00:00 GMT+0000,10214.1
Sun Feb 23 2020 21:00:00 GMT+0000,10452.77
Mon Feb 24 2020 21:00:00 GMT+0000,10069.93
Tue Feb 25 2020 21:00:00 GMT+0000,9721.16
Wed Feb 26 2020 21:00:00 GMT+0000,9092.78
Thu Feb 27 2020 21:00:00 GMT+0000,9238.95
Fri Feb 28 2020 21:00:00 GMT+0000,8919.28
Sat Feb 29 2020 21:00:00 GMT+0000,8973.58
Sun Mar 01 2020 21:00:00 GMT+0000,8750.34
Mon Mar 02 2020 21:00:00 GMT+0000,9249.9
Tue Mar 03 2020 21:00:00 GMT+0000,9029.38
Wed Mar 04 2020 21:00:00 GMT+0000,9020.03
Thu Mar 05 2020 21:00:00 GMT+0000,9455.22
Fri Mar 06 2020 21:00:00 GMT+0000,9494.79
Sat Mar 07 2020 21:00:00 GMT+0000,9259.1
Sun Mar 08 2020 20:00:00 GMT+0000,8554.43
Mon Mar 09 2020 20:00:00 GMT+0000,8016.29
Tue Mar 10 2020 20:00:00 GMT+0000,8204.96
Wed Mar 11 2020 20:00:00 GMT+0000,7973.71
Thu Mar 12 2020 20:00:00 GMT+0000,6070.59
Fri Mar 13 2020 20:00:00 GMT+0000,5544.72
Sat Mar 14 2020 20:00:00 GMT+0000,5511.55
Sun Mar 15 2020 20:00:00 GMT+0000,5408.27
Mon Mar 16 2020 20:00:00 GMT+0000,5006.27
Tue Mar 17 2020 20:00:00 GMT+0000,5439.24
Wed Mar 18 2020 20:00:00 GMT+0000,5385.51
Thu Mar 19 2020 20:00:00 GMT+0000,6278.37
Fri Mar 20 2020 20:00:00 GMT+0000,6195.84
Sat Mar 21 2020 20:00:00 GMT+0000,6241.85
Sun Mar 22 2020 20:00:00 GMT+0000,5909.94
Mon Mar 23 2020 20:00:00 GMT+0000,6255.37
Tue Mar 24 2020 20:00:00 GMT+0000,6660.86
Wed Mar 25 2020 20:00:00 GMT+0000,6552.64
Thu Mar 26 2020 20:00:00 GMT+0000,6605.82
Fri Mar 27 2020 20:00:00 GMT+0000,6641.87
Sat Mar 28 2020 20:00:00 GMT+0000,6232.17
Sun Mar 29 2020 20:00:00 GMT+0000,5929.71
Mon Mar 30 2020 20:00:00 GMT+0000,6370.89
Tue Mar 31 2020 20:00:00 GMT+0000,6457.95
Wed Apr 01 2020 20:00:00 GMT+0000,6217.11
Thu Apr 02 2020 20:00:00 GMT+0000,6766
Fri Apr 03 2020 20:00:00 GMT+0000,6762.88
Sat Apr 04 2020 20:00:00 GMT+0000,6756.39
Sun Apr 05 2020 20:00:00 GMT+0000,6790.95
Mon Apr 06 2020 20:00:00 GMT+0000,7342.52
Tue Apr 07 2020 20:00:00 GMT+0000,7383.02
Wed Apr 08 2020 20:00:00 GMT+0000,7429.4
Thu Apr 09 2020 20:00:00 GMT+0000,7393.67
Fri Apr 10 2020 20:00:00 GMT+0000,6998.25
Sat Apr 11 2020 20:00:00 GMT+0000,6896.23
Sun Apr 12 2020 20:00:00 GMT+0000,7228.69
Mon Apr 13 2020 20:00:00 GMT+0000,6869.2
Tue Apr 14 2020 20:00:00 GMT+0000,7013.53
Wed Apr 15 2020 20:00:00 GMT+0000,6832.02
Thu Apr 16 2020 20:00:00 GMT+0000,7209.35
Fri Apr 17 2020 20:00:00 GMT+0000,7197.99
Sat Apr 18 2020 20:00:00 GMT+0000,7401.39
Sun Apr 19 2020 20:00:00 GMT+0000,7316.88
Mon Apr 20 2020 20:00:00 GMT+0000,6896.64
Tue Apr 21 2020 20:00:00 GMT+0000,7032.01
Wed Apr 22 2020 20:00:00 GMT+0000,7269.67
Thu Apr 23 2020 20:00:00 GMT+0000,7674.6
Fri Apr 24 2020 20:00:00 GMT+0000,7693.72
Sat Apr 25 2020 20:00:00 GMT+0000,7742.25
Sun Apr 26 2020 20:00:00 GMT+0000,7849.23
Mon Apr 27 2020 20:00:00 GMT+0000,7862.11
Tue Apr 28 2020 20:00:00 GMT+0000,7925.63
Wed Apr 29 2020 20:00:00 GMT+0000,8857.59
Thu Apr 30 2020 20:00:00 GMT+0000,8860.21
Fri May 01 2020 20:00:00 GMT+0000,8768.11
Sat May 02 2020 20:00:00 GMT+0000,8961.75
Sun May 03 2020 20:00:00 GMT+0000,8885.82
Mon May 04 2020 20:00:00 GMT+0000,8822.97
Tue May 05 2020 20:00:00 GMT+0000,8877.73
Wed May 06 2020 20:00:00 GMT+0000,9133.5
Thu May 07 2020 20:00:00 GMT+0000,9642.63
Fri May 08 2020 20:00:00 GMT+0000,9737.37
Sat May 09 2020 20:00:00 GMT+0000,9613.42
Sun May 10 2020 20:00:00 GMT+0000,8376
Mon May 11 2020 20:00:00 GMT+0000,8564.27
Tue May 12 2020 20:00:00 GMT+0000,8642.9
Wed May 13 2020 20:00:00 GMT+0000,8972.56
Thu May 14 2020 20:00:00 GMT+0000,9379.6
Fri May 15 2020 20:00:00 GMT+0000,9071.1
Sat May 16 2020 20:00:00 GMT+0000,9111.5
Sun May 17 2020 20:00:00 GMT+0000,9474.11
Mon May 18 2020 20:00:00 GMT+0000,9475.19
Tue May 19 2020 20:00:00 GMT+0000,9426.02
Wed May 20 2020 20:00:00 GMT+0000,9329.29
Thu May 21 2020 20:00:00 GMT+0000,8875.13
Fri May 22 2020 20:00:00 GMT+0000,9060.68
Sat May 23 2020 20:00:00 GMT+0000,9061.73
Sun May 24 2020 20:00:00 GMT+0000,8919.57
Mon May 25 2020 20:00:00 GMT+0000,8849.64
Tue May 26 2020 20:00:00 GMT+0000,8703.61
Wed May 27 2020 20:00:00 GMT+0000,9029.24
Thu May 28 2020 20:00:00 GMT+0000,9305.37
Fri May 29 2020 20:00:00 GMT+0000,9296.74
Sat May 30 2020 20:00:00 GMT+0000,9533.88
Sun May 31 2020 20:00:00 GMT+0000,9533.05
Mon Jun 01 2020 20:00:00 GMT+0000,9573.99
Tue Jun 02 2020 20:00:00 GMT+0000,9516.66
Wed Jun 03 2020 20:00:00 GMT+0000,9612.8
Thu Jun 04 2020 20:00:00 GMT+0000,9803.32
Fri Jun 05 2020 20:00:00 GMT+0000,9744.91
Sat Jun 06 2020 20:00:00 GMT+0000,9688.19
Sun Jun 07 2020 20:00:00 GMT+0000,9764.68
Mon Jun 08 2020 20:00:00 GMT+0000,9707.98
Tue Jun 09 2020 20:00:00 GMT+0000,9739.01
Wed Jun 10 2020 20:00:00 GMT+0000,9857.29
Thu Jun 11 2020 20:00:00 GMT+0000,9255.95
Fri Jun 12 2020 20:00:00 GMT+0000,9417.03
Sat Jun 13 2020 20:00:00 GMT+0000,9405.66
Sun Jun 14 2020 20:00:00 GMT+0000,9370.97
Mon Jun 15 2020 20:00:00 GMT+0000,9368.8
Tue Jun 16 2020 20:00:00 GMT+0000,9444.24
Wed Jun 17 2020 20:00:00 GMT+0000,9261.83
Thu Jun 18 2020 20:00:00 GMT+0000,9349.49
Fri Jun 19 2020 20:00:00 GMT+0000,9257.94
Sat Jun 20 2020 20:00:00 GMT+0000,9235.81
Sun Jun 21 2020 20:00:00 GMT+0000,9294.49
Mon Jun 22 2020 20:00:00 GMT+0000,9543.14
Tue Jun 23 2020 20:00:00 GMT+0000,9638.93
Wed Jun 24 2020 20:00:00 GMT+0000,9277.74
Thu Jun 25 2020 20:00:00 GMT+0000,9264.18
Fri Jun 26 2020 20:00:00 GMT+0000,9148.47
Sat Jun 27 2020 20:00:00 GMT+0000,8833.73
Sun Jun 28 2020 20:00:00 GMT+0000,9030.3
Mon Jun 29 2020 20:00:00 GMT+0000,9084.95
Tue Jun 30 2020 20:00:00 GMT+0000,9069.03
Wed Jul 01 2020 20:00:00 GMT+0000,9193.84
Thu Jul 02 2020 20:00:00 GMT+0000,9012.11
Fri Jul 03 2020 20:00:00 GMT+0000,9069.75
Sat Jul 04 2020 20:00:00 GMT+0000,9124.58
Sun Jul 05 2020 20:00:00 GMT+0000,9016.07
Mon Jul 06 2020 20:00:00 GMT+0000,9336.31
Tue Jul 07 2020 20:00:00 GMT+0000,9328.85
Wed Jul 08 2020 20:00:00 GMT+0000,9628.78
Thu Jul 09 2020 20:00:00 GMT+0000,9395.31
Fri Jul 10 2020 20:00:00 GMT+0000,9408.85
Sat Jul 11 2020 20:00:00 GMT+0000,9406.59
Sun Jul 12 2020 20:00:00 GMT+0000,9428.47
Mon Jul 13 2020 20:00:00 GMT+0000,9431.71
Tue Jul 14 2020 20:00:00 GMT+0000,9513.25
Wed Jul 15 2020 20:00:00 GMT+0000,9407.74
Thu Jul 16 2020 20:00:00 GMT+0000,9317.35
Fri Jul 17 2020 20:00:00 GMT+0000,9381.54
Sat Jul 18 2020 20:00:00 GMT+0000,9408.55
Sun Jul 19 2020 20:00:00 GMT+0000,9404.17
Mon Jul 20 2020 20:00:00 GMT+0000,9360.05
Tue Jul 21 2020 20:00:00 GMT+0000,9585.64
Wed Jul 22 2020 20:00:00 GMT+0000,9619.66
Thu Jul 23 2020 20:00:00 GMT+0000,9959.63
Fri Jul 24 2020 20:00:00 GMT+0000,9961.99
Sat Jul 25 2020 20:00:00 GMT+0000,10152.62
Sun Jul 26 2020 20:00:00 GMT+0000,10308.2
Mon Jul 27 2020 20:00:00 GMT+0000,11092.18
Tue Jul 28 2020 20:00:00 GMT+0000,11300.44
Wed Jul 29 2020 20:00:00 GMT+0000,11489.32
Thu Jul 30 2020 20:00:00 GMT+0000,11500.98
Fri Jul 31 2020 20:00:00 GMT+0000,11713.02
Sat Aug 01 2020 20:00:00 GMT+0000,12354.98
Sun Aug 02 2020 20:00:00 GMT+0000,11837.3
Mon Aug 03 2020 20:00:00 GMT+0000,12146.93
Tue Aug 04 2020 20:00:00 GMT+0000,11953.77
Wed Aug 05 2020 20:00:00 GMT+0000,12367.47
Thu Aug 06 2020 20:00:00 GMT+0000,12579.2
Fri Aug 07 2020 20:00:00 GMT+0000,12115.56
Sat Aug 08 2020 20:00:00 GMT+0000,12429.06
Sun Aug 09 2020 20:00:00 GMT+0000,12394.82
Mon Aug 10 2020 20:00:00 GMT+0000,12651.9
Tue Aug 11 2020 20:00:00 GMT+0000,12127.32
Wed Aug 12 2020 20:00:00 GMT+0000,12351.95
Thu Aug 13 2020 20:00:00 GMT+0000,12401.06
Fri Aug 14 2020 20:00:00 GMT+0000,12900.31
Sat Aug 15 2020 20:00:00 GMT+0000,12953.02
Sun Aug 16 2020 20:00:00 GMT+0000,12952.51
Mon Aug 17 2020 20:00:00 GMT+0000,13454.84
Tue Aug 18 2020 20:00:00 GMT+0000,13024.56
Wed Aug 19 2020 20:00:00 GMT+0000,12490.53
Thu Aug 20 2020 20:00:00 GMT+0000,12832.97
Fri Aug 21 2020 20:00:00 GMT+0000,12551.62
Sat Aug 22 2020 20:00:00 GMT+0000,12460.33
Sun Aug 23 2020 20:00:00 GMT+0000,12581.43
Mon Aug 24 2020 20:00:00 GMT+0000,12694.87
Tue Aug 25 2020 20:00:00 GMT+0000,12112.75
Wed Aug 26 2020 20:00:00 GMT+0000,12328.75
Thu Aug 27 2020 20:00:00 GMT+0000,11995.37
Fri Aug 28 2020 20:00:00 GMT+0000,12358.69
Sat Aug 29 2020 20:00:00 GMT+0000,12467.34
Sun Aug 30 2020 20:00:00 GMT+0000,12695.56
Mon Aug 31 2020 20:00:00 GMT+0000,12807.46
Tue Sep 01 2020 20:00:00 GMT+0000,13191.31
Wed Sep 02 2020 20:00:00 GMT+0000,12438.79
Thu Sep 03 2020 20:00:00 GMT+0000,11636.63
Fri Sep 04 2020 20:00:00 GMT+0000,11404.38
Sat Sep 05 2020 20:00:00 GMT+0000,10417.53
Sun Sep 06 2020 20:00:00 GMT+0000,10923.25
Mon Sep 07 2020 20:00:00 GMT+0000,10748.07
Tue Sep 08 2020 20:00:00 GMT+0000,10556.64
Wed Sep 09 2020 20:00:00 GMT+0000,10975.37
Thu Sep 10 2020 20:00:00 GMT+0000,11005.83
Fri Sep 11 2020 20:00:00 GMT+0000,11081.66
Sat Sep 12 2020 20:00:00 GMT+0000,11310.53
Sun Sep 13 2020 20:00:00 GMT+0000,11031.26
Mon Sep 14 2020 20:00:00 GMT+0000,11377.56
Tue Sep 15 2020 20:00:00 GMT+0000,11350.08
Wed Sep 16 2020 20:00:00 GMT+0000,11457.21
Thu Sep 17 2020 20:00:00 GMT+0000,11554.44
Fri Sep 18 2020 20:00:00 GMT+0000,11443.09
Sat Sep 19 2020 20:00:00 GMT+0000,11603.5
Sun Sep 20 2020 20:00:00 GMT+0000,11353.68
Mon Sep 21 2020 20:00:00 GMT+0000,10835.12
Tue Sep 22 2020 20:00:00 GMT+0000,10839.64
Wed Sep 23 2020 20:00:00 GMT+0000,10555.79
Thu Sep 24 2020 20:00:00 GMT+0000,10983.07
Fri Sep 25 2020 20:00:00 GMT+0000,11159.27
Sat Sep 26 2020 20:00:00 GMT+0000,11148.3
Sun Sep 27 2020 20:00:00 GMT+0000,11186.19
Mon Sep 28 2020 20:00:00 GMT+0000,11345.86
Tue Sep 29 2020 20:00:00 GMT+0000,11177.32
Wed Sep 30 2020 20:00:00 GMT+0000,11167.57
Thu Oct 01 2020 20:00:00 GMT+0000,11076.32
Fri Oct 02 2020 20:00:00 GMT+0000,10889.79
Sat Oct 03 2020 20:00:00 GMT+0000,11018.57
Sun Oct 04 2020 20:00:00 GMT+0000,11109.55
Mon Oct 05 2020 20:00:00 GMT+0000,11138.88
Tue Oct 06 2020 20:00:00 GMT+0000,10914.51
Wed Oct 07 2020 20:00:00 GMT+0000,10979.16
Thu Oct 08 2020 20:00:00 GMT+0000,11231.37
Fri Oct 09 2020 20:00:00 GMT+0000,11444.79
Sat Oct 10 2020 20:00:00 GMT+0000,11769.78
Sun Oct 11 2020 20:00:00 GMT+0000,11750.49
Mon Oct 12 2020 20:00:00 GMT+0000,12032.13
Tue Oct 13 2020 20:00:00 GMT+0000,11843.27
Wed Oct 14 2020 20:00:00 GMT+0000,11757.29
Thu Oct 15 2020 20:00:00 GMT+0000,11906.29
Fri Oct 16 2020 20:00:00 GMT+0000,11634.46
Sat Oct 17 2020 20:00:00 GMT+0000,11661.99
Sun Oct 18 2020 20:00:00 GMT+0000,11792.3
Mon Oct 19 2020 20:00:00 GMT+0000,12007.72
Tue Oct 20 2020 20:00:00 GMT+0000,12038.12
Wed Oct 21 2020 20:00:00 GMT+0000,12784.36
Thu Oct 22 2020 20:00:00 GMT+0000,13246.12
Fri Oct 23 2020 20:00:00 GMT+0000,13063.88
Sat Oct 24 2020 20:00:00 GMT+0000,13275.72
Sun Oct 25 2020 20:00:00 GMT+0000,13176.46
Mon Oct 26 2020 20:00:00 GMT+0000,13014.4
Tue Oct 27 2020 20:00:00 GMT+0000,13579.95
Wed Oct 28 2020 20:00:00 GMT+0000,13056.16
Thu Oct 29 2020 20:00:00 GMT+0000,13276.66
Fri Oct 30 2020 20:00:00 GMT+0000,13247.85
Sat Oct 31 2020 20:00:00 GMT+0000,13453.01
Sun Nov 01 2020 21:00:00 GMT+0000,13512.53
Mon Nov 02 2020 21:00:00 GMT+0000,13321.77
Tue Nov 03 2020 21:00:00 GMT+0000,13294.61
Wed Nov 04 2020 21:00:00 GMT+0000,13581.65
Thu Nov 05 2020 21:00:00 GMT+0000,14456.05
Fri Nov 06 2020 21:00:00 GMT+0000,14962.13
Sat Nov 07 2020 21:00:00 GMT+0000,14430.67
Sun Nov 08 2020 21:00:00 GMT+0000,14940.67
Mon Nov 09 2020 21:00:00 GMT+0000,14896.98
Tue Nov 10 2020 21:00:00 GMT+0000,14882.77
Wed Nov 11 2020 21:00:00 GMT+0000,15269.55
Thu Nov 12 2020 21:00:00 GMT+0000,15501.77
Fri Nov 13 2020 21:00:00 GMT+0000,15678.9
Sat Nov 14 2020 21:00:00 GMT+0000,15486.61
Sun Nov 15 2020 21:00:00 GMT+0000,15269.04
Mon Nov 16 2020 21:00:00 GMT+0000,16137.47
Tue Nov 17 2020 21:00:00 GMT+0000,16924.31
Wed Nov 18 2020 21:00:00 GMT+0000,16763.53
Thu Nov 19 2020 21:00:00 GMT+0000,17158.68
Fri Nov 20 2020 21:00:00 GMT+0000,17825.98
Sat Nov 21 2020 21:00:00 GMT+0000,18265.58
Sun Nov 22 2020 21:00:00 GMT+0000,18405.93
Mon Nov 23 2020 21:00:00 GMT+0000,18638.24
Tue Nov 24 2020 21:00:00 GMT+0000,19641.08
Wed Nov 25 2020 21:00:00 GMT+0000,19629.84
Thu Nov 26 2020 21:00:00 GMT+0000,17255.38
Fri Nov 27 2020 21:00:00 GMT+0000,17190.18
Sat Nov 28 2020 21:00:00 GMT+0000,17923.34
Sun Nov 29 2020 21:00:00 GMT+0000,18386.98
Mon Nov 30 2020 21:00:00 GMT+0000,19623.07
Tue Dec 01 2020 21:00:00 GMT+0000,19194.96
Wed Dec 02 2020 21:00:00 GMT+0000,19280.74
Thu Dec 03 2020 21:00:00 GMT+0000,19587.13
Fri Dec 04 2020 21:00:00 GMT+0000,19027.78
Sat Dec 05 2020 21:00:00 GMT+0000,19137.51
Sun Dec 06 2020 21:00:00 GMT+0000,19257.57
Mon Dec 07 2020 21:00:00 GMT+0000,19117.77
Tue Dec 08 2020 21:00:00 GMT+0000,18610.67
Wed Dec 09 2020 21:00:00 GMT+0000,18390.74
Thu Dec 10 2020 21:00:00 GMT+0000,18342.03
Fri Dec 11 2020 21:00:00 GMT+0000,17931.05
Sat Dec 12 2020 21:00:00 GMT+0000,18582.56
Sun Dec 13 2020 21:00:00 GMT+0000,19002.9
Mon Dec 14 2020 21:00:00 GMT+0000,18996.27
Tue Dec 15 2020 21:00:00 GMT+0000,19239.9
Wed Dec 16 2020 21:00:00 GMT+0000,20453.25
Thu Dec 17 2020 21:00:00 GMT+0000,22102.54
Fri Dec 18 2020 21:00:00 GMT+0000,22102.87
Sat Dec 19 2020 21:00:00 GMT+0000,23100.52
Sun Dec 20 2020 21:00:00 GMT+0000,23199.63
Mon Dec 21 2020 21:00:00 GMT+0000,21776.39
Tue Dec 22 2020 21:00:00 GMT+0000,22205.23
Wed Dec 23 2020 21:00:00 GMT+0000,21654.19
Thu Dec 24 2020 21:00:00 GMT+0000,21716.72
Fri Dec 25 2020 21:00:00 GMT+0000,22529.92
Sat Dec 26 2020 21:00:00 GMT+0000,24145.53
Sun Dec 27 2020 21:00:00 GMT+0000,23984.01
Mon Dec 28 2020 21:00:00 GMT+0000,24895.42
Tue Dec 29 2020 21:00:00 GMT+0000,24925.16
Wed Dec 30 2020 21:00:00 GMT+0000,26338.46
Thu Dec 31 2020 21:00:00 GMT+0000,26615.31
Fri Jan 01 2021 21:00:00 GMT+0000,26661.4
Sat Jan 02 2021 21:00:00 GMT+0000,26871.11
Sun Jan 03 2021 21:00:00 GMT+0000,30674.01
Mon Jan 04 2021 21:00:00 GMT+0000,29583.28
Tue Jan 05 2021 21:00:00 GMT+0000,32104.77
Wed Jan 06 2021 21:00:00 GMT+0000,34345.12
Thu Jan 07 2021 21:00:00 GMT+0000,36827.85
Fri Jan 08 2021 21:00:00 GMT+0000,36020.38
Sat Jan 09 2021 21:00:00 GMT+0000,38229.61
Sun Jan 10 2021 21:00:00 GMT+0000,35766.87
Mon Jan 11 2021 21:00:00 GMT+0000,31211.41
Tue Jan 12 2021 21:00:00 GMT+0000,32441.52
Wed Jan 13 2021 21:00:00 GMT+0000,34181.73
Thu Jan 14 2021 21:00:00 GMT+0000,36887.76
Fri Jan 15 2021 21:00:00 GMT+0000,33944.23
Sat Jan 16 2021 21:00:00 GMT+0000,35850.63
Mon Jan 18 2021 21:00:00 GMT+0000,35264.55
Sun Jan 17 2021 21:00:00 GMT+0000,35248.43
Tue Jan 19 2021 21:00:00 GMT+0000,36246.25
Wed Jan 20 2021 21:00:00 GMT+0000,34880.64
Thu Jan 21 2021 21:00:00 GMT+0000,31809.35
Fri Jan 22 2021 21:00:00 GMT+0000,33383.41
Sat Jan 23 2021 21:00:00 GMT+0000,32566.9
Sun Jan 24 2021 21:00:00 GMT+0000,32589.44
Mon Jan 25 2021 21:00:00 GMT+0000,33920.45
Tue Jan 26 2021 21:00:00 GMT+0000,32714.36
Wed Jan 27 2021 21:00:00 GMT+0000,32085.51
Thu Jan 28 2021 21:00:00 GMT+0000,33266.59
